ID,PORT_ID,NAME
994763,CL0405,STINGRAY CITY SANDBAR & BEACH BREAK
994764,CL0405,TURTLES & STINGRAYS LAND & SEA ADVENTURE
994765,CL0405,STINGRAY CITY & BARRIER REEF TWO STOP SNORKEL
994766,CL0405,CAYMAN CULTURAL EXPRESS
994767,CL0405,TIKI BEACH GETAWAY
994768,CL0405,4X4 ADVENTURE
994769,CL0405,GLASS BOTTOM BOAT & ISLAND TOUR
994770,CL0405,PARASAIL ADVENTURE
994771,CL0405,NORTH WALL & STINGRAY CITY CERTIFIED DIVE
994772,CL0405,DISCOVER SCUBA DIVE
987316,CL0405,GEORGETOWN BIKE TOUR
987604,CL0405,ATLANTIS SUBMARINE
987605,CL0405,TWO TANK CERTIFIED DIVE
975197,CL0405,STINGRAY CITY SANDBAR WITH LUNCH
995927,002266,CHARMING OLD RIGA
996020,002266,HIGHLIGHTS OF RIGA - EASY ON THE LEGS
996021,002266,ETHNOGRAPHIC OPEN AIR MUSEUM - HISTORY & NATURE
986331,002266,RIGA BY RETRO TRAM & FOOT
986332,002266,RIGA BY SEGWAY
989279,002266,RELAXING RIGA & TEA
982166,002266,RIGA BIKE TOUR
983133,002050,IBIZA BIKE TOUR
991366,002050,TASTE OF IBIZA
991499,002050,TREASURES OF IBIZA
992493,002050,BEACH TRANSFER
992932,002050,DISCOVER THE SOUTH
970723,002050,ISLAND TOUR
970724,002050,ADVENTURE IN AGUAMAR
974983,002101,ANCIENT TEMPLES OF KOH SAMUI
974984,002101,LANDMARKS OF KOH SAMUI
974985,002101,CHAWENG BEACH ON YOUR OWN
974986,002101,DAY AT A BEACHFRONT HOTEL
974987,002101,ANG THONG MARINE PARK BY SPEEDBOAT
974988,002101,KOH SAMUIS SANDS AND SPIRITUAL SITES
975126,002101,KOH SAMUI BY 4X4
994281,000719,SEGWAY ADVENTURE
994282,000719,BARBADOS AND BEACH
994283,000719,MONKEY ENCOUNTER
994741,000719,CARLISLE BEACH BREAK
994742,000719,BARBADOS 4X4
994743,000719,FAREWELL BARBADOS
994744,000719,SUNSET CHAMPAGNE CRUISE
999038,000719,BARBADOS BIKE TOUR
999046,000719,ISLAND 4X4 SAFARI
999059,000719,BEST OF BARBADOS
986358,000719,SEGWAY & BEACH
986359,000719,JOLLY ROGER PIRATE CRUISE
991864,000719,CONCORDE MUSEUM
991874,000719,ATLANTIS SUBMARINE
991875,000719,COAST TO COAST
991877,000719,BACK TO NATURE
991889,000719,TURTLE ENCOUNTER
991890,000719,CRICKET LEGENDS
991903,000719,HARRISONS CAVE
989409,000719,BEACH HOP ISLAND STYLE
972475,000719,4X4 SAFARI AND SHIPWRECK SNORKEL
970149,000719,LIVE LIKE A LOCAL
987285,000804,CHANIA BIKE TOUR
987759,000804,OMALOS PLATEAU
987760,000804,MONASTERY OF AGIA TRIADA & CHANIA
987761,000804,ARCADI MONASTERY & RETHYMNON TOWN
990815,000804,SANTOIRINI (CHANIA)
971665,000804,FUN AT THE WATERPARK
993903,000013,SUN & RUM
993904,000013,HIGHLIGHTS OF ANTIGUA
993905,000013,ANTIGUA 4X4 ADVENTURE & BEACH
993906,000013,SWIM WITH STINGRAYS
993907,000013,ANTIGUA BY SEA
993908,000013,KAYAK & SNORKEL ADVENTURE
993909,000013,ANTIGUA CANOPY ADVENTURE
993910,000013,ANTIGUA BY HELICOPTER
993978,000013,MONTSERRAT FLIGHTSEEING
993979,000013,CRICKET LEGENDS
994298,000013,CATAMARAN SAILAWAY - SHIPWRECK & BEACH BREAK
994833,000013,CATAMARAN CRUISE & LOBSTER LUNCH
995823,000013,HORSEBACK TREKKING
995824,000013,ANTIGUA CRUSOE ISLAND
996093,000013,ANTIGUA BIKE TOUR
982462,000013,SUNSET CRUISE
988162,000013,ST JOHNS WALKING TOUR
972461,000013,ANTIGUAN LEGENDS OF CRICKET
972462,000013,ANTIGUA SHAKA BUGGYS
972463,000013,WALKING TOUR OF ST JOHNS
972464,000013,MONTSERRAT VOLCANO BY HELICOPTER
996346,000013,RHINO RIDERS
982144,000013,SEGWAY FORT CONQUERORS
982145,000013,ISLAND BEACH HOPPER
982146,000013,GOLF IN ANTIGUA
974642,000013,NATIONAL PARKS SEGWAY TOUR
974686,000013,CADES REEF BY CATAMARAN
974687,000013,NELSONS DOCKYARD
974718,000013,A BEACH TRIO BY CATAMARAN
994878,001913,HAVANA HIGHLIGHTS
994879,001913,HEMINGWAY IN HAVANA
994880,001913,CABARET TROPICANA - A PARADISE UNDER THE STARS
994881,001913,CANNON SHOT CEREMONY & CABARET PARISIEN
994882,001913,VINALES
994883,001913,CABARET TROPICANA IN CLASSIC CARS
994884,001913,LAS TERRAZAS & SOROA
994885,001913,GUAMA TAINO INDIAN VILLAGE CROC FARM & BEACH
995116,001913,CANNON SHOT CEREMONY
995117,001913,CABARET PARISIEN
987311,001913,HAVANA BIKE TOUR
974493,001913,HAVANA BY NIGHT IN CLASSIC CARS
974519,001913,HAVANA HIGHLIGHTS IN CLASSIC CARS
974536,001913,EASY HAVANA
974636,001913,HAVANA CAFE SHOW
994444,000718,SEA & WINE
996275,000718,CORFU BIKE TOUR
991831,000718,KALYPSO STAR SEA LIONS AND OLD TOWN
991835,000718,AQUALAND
991854,000718,BELLA VISTA
991867,000718,GLYFADA BEACH
991871,000718,ALBANIAN ADVENTURE
971638,000718,TRANSFER TO GLYFADA BEACH
981877,000718,DISCOVERY WALKS - CORFU
982175,000718,CORFU 4X4 ADVENTURE
982176,000718,ALBANIAN ADVENTURE 2
982193,000718,ACHILLEION PALACE & CORFU TOWN
973934,000718,CORFU HOP-ON HOP-OFF
996104,001002,GIBRALTAR BIKE TOUR
996239,001002,WORLD WAR TWO TUNNELS
987706,001002,EXPLORE GIBRALTAR - ONE DRINK AT A TIME!
990804,001002,RELAXING GIBRALTAR & ENGLISH TEA
991495,001002,DOLPHIN WATCH
988026,001002,ALAMEDA GARDENS & CABLE CAR
988027,001002,JOHN LENNON MEMORABILIA
993414,001002,THE ROCK TOUR
993869,000666,ATHENS & THE ACROPOLIS
993870,000666,PANORAMIC ATHENS & PLAKA
993871,000666,THE CORINTH CANAL
993995,000666,ANCIENT CORINTH & THE CANAL
993996,000666,CAPE SOUNION
994453,000666,YABANAKI BEACH PARK
994454,000666,ALLOU FUN CLUB
995380,000666,ATHENS ON YOUR OWN
995784,000666,ACROPOLIS MUSEUM & PLAKA
996129,000666,ATHENS BIKE TOUR
986351,000666,EVERY DAY LIFE IN ATHENS
986352,000666,ATHENS BY SEGWAY
986353,000666,ATHENS TAXI TRANSFER - 4 HOURS
986354,000666,ATHENS TAXI TRANSFER - 8 HOURS
973504,000666,THE ACROPOLIS IN 3D - AUGMENTED REALITY
981881,000666,DISCOVERY WALKS - ATHENS
970148,000666,THE BEST OF ATHENS
973931,000666,PIRAEUS HOP-ON HOP-OFF
974491,000666,THE ACROPOLIS THROUGH THE AGES
993751,000531,LISBON HIGHLIGHTS
993752,000531,SINTRA & CASCAIS
993753,000531,LISBON CITY CHARMS
993754,000531,SHUTTLE BUS - DO NOT USE
993755,000531,SHUTTLE BUS
996236,000531,LISBON PANORAMIC
996269,000531,LISBON BIKE TOUR
990327,000531,INDEPENDENT WALKING TOUR
991965,000531,OBIDOS - LAND OF PORTUGUESE QUEENS
992063,000531,FATIMA HOPE OF THE WORLD
989973,000531,LISBON BY ECO TUK TUK
989974,000531,LISBON BY SEGWAY
981837,000531,DISCOVERY WALKS - LISBON
973939,000531,LISBON HOP-ON HOP-OFF
974597,000531,LISBON BY LAND AND WATER
974598,000531,LISBON BY TRAM AND COACH
994369,000654,UNUSUAL ROME
994584,000654,TASTE OF ROME
995606,000654,TUSCANIA & WINE
996111,000654,ROME BIKE TOUR
996261,000654,ROME BY SEGWAY
983150,000654,DISCOVERING THE ROMAN SECRETS
983151,000654,THE VATICAN GARDENS
983160,000654,PRIVATE MINIVAN TO ROME
991833,000654,CLASSICAL SIGHTS & VATICAN CITY
991841,000654,ROME ON YOUR OWN
991844,000654,ROME & THE COLOSSEUM
991845,000654,EXPRESS TO ROME
991855,000654,THE COMPLETE VATICAN CITY
991857,000654,MONUMENTAL ROME
991869,000654,MONUMENTS OF ROME
991870,000654,RELAXING ROME EASY ON THE LEGS
991880,000654,BRACCIANO CASTLE & ANGUILLARA
991885,000654,ROME - ALL IN ONE DAY
991901,000654,ANCIENT OSTIA
991904,000654,BEST OF ROME
988068,000654,ZOOMARINE - WATER & ADVENTURE PARK
972748,000654,ROME SIGHTSEEING
981884,000654,DISCOVERY WALKS - ROME
994460,000867,SCENIC WONDERS
992347,000867,SOUTHERN RELAXATION
992356,000867,DISCOVER THE REAL KEFALONIA
971666,000867,MAKRIS YIALOS BEACH TRANSFER
971161,000867,MELISSANI LAKE & DROGARATI CAVE
971162,000867,LEISURELY KEFALONIA
971163,000867,KEFALONIA HIGHLIGHTS
971164,000867,ARGOSTOLI BIKE TOUR
974834,000543,CABLE CAR MOUNTAIN RIDE
974835,000543,HIGHLIGHTS OF LANGKAWI
974836,000543,CAVES AND MANGROVES BY BOAT
974837,000543,ARTISAN SHOPPING AND AQUARIUM
974838,000543,KILIM AND KAYAK ADVENTURE
974839,000543,LUXURY HOTEL DAY
974840,000543,CATAMARAN ISLAND CRUISE
974841,000543,SUNSET DINNER CRUISE
990274,000545,HISTORIC GEORGETOWN TOUR
974799,000545,WATS AND WILDLIFE
974800,000545,PENANG HERITAGE TRAIL
974801,000545,PANORAMIC PENANG
974802,000545,PEDAL AROUD PENANG
974803,000545,ECO EXPLORER
974804,000545,ORANG UTAN ISLAND
974805,000545,PENANG IN A DAY
974806,000545,PENANG ISLAND TOUR
974807,000545,LUXURY HOTEL DAY
974808,000545,BATIK EXPERIENCE
974809,000545,HISTORIC PENANG TOUR
974810,000545,BOAT TRIP TO MONKEY BEACH
974811,000545,THE HABITAT EXPERIENCE AT PENANG HILL
995334,000570,HIGHLIGHTS OF MALTA
995335,000570,MALTA PANORAMIC
995336,000570,MARSAXLOKK & BLUE GROTTO
995337,000570,HARBOUR CRUISE
995338,000570,THREE ISLANDS - LAND & SEA
995339,000570,THE TOTAL MALTA EXPERIENCE
987603,000570,VALLETTA SEGWAY TOUR
982174,000570,VALLETTA BIKE TOUR
982479,000676,AMALFI DRIVE
982480,000676,POMPEII
982481,000676,HERCULANEUM
982482,000676,CAPRI
982483,000676,POMPEII & VESUVIUS
986335,000676,SORRENTO BIKE TOUR
989282,000676,POMPEII & AMALFI
970145,000676,EASY SORRENTO IN TRAM
970146,000676,EXPLORE POMPEII & HERCULANEUM EXCAVATIONS
993883,000945,SKIATHOS BY SEA
993884,000945,SKIATHOS TOWN WALK
993885,000945,EVANGELISTRIA MONASTERY
993886,000945,KOUNISTRIA MONASTERY WITH KOUKOUNARIES BEACH
993975,000945,SKIATHOS BY SEA WITH LUNCH
994412,001723,OLIVE OIL MUSEUM & POTTERY
994413,001723,CLISOL GREENHOUSE & ALMERIMAR
996105,001723,ALMERIA BIKE TOUR
991766,001723,GRANADA CITY
991769,001723,ALMERIA AND CABO DE GATA
993171,001723,ALHAMBRA PALACE
993173,001723,CHARMING MOJACAR & THE TABERNAS DESERT
982034,001723,ALMERIA BEACH TRANSFER
982035,001723,PANORAMIC ALPUJARRA
994284,001218,SNORKEL SEASURFER STYLE
994476,001218,PELICAN COVE SNORKEL
994477,001218,SEASURFER GLASS BOTTOM BOAT
994564,001218,NEVIS BEACH ESCAPE
994745,001218,DISCOVER SCUBA DIVING ADVENTURE
994868,001218,CERTIFIED SCUBA DIVE
995825,001218,ST KITTS SNORKEL ADVENTURE
996096,001218,ST KITTS BIKE TOUR
987703,001218,SAFARI CITY & BEACH
987704,001218,PANORAMIC ST KITTS
992333,001218,HORSEBACK MOUNTAIN TRAIL
992335,001218,QUAD BIKING
992341,001218,BASSETERRE & FRIGATE BAY SAFARI
992346,001218,ST KITTS SCENIC RAILWAY
992350,001218,TALE OF BYGONE TIMES
992365,001218,BEST OF ST KITTS
992366,001218,RAINFOREST HIKE & ROMNEY GARDENS
970046,001218,HELICOPTER TOUR OF ST KITTS & NEVIS
972673,001218,SKY SAFARI ZIPLINE
972674,001218,ESSENTIAL ST. KITTS WITH FAIRVIEW
972675,001218,SAFARI ISLAND DRIVE
972676,001218,DRIVE AND WALK - BASSETERRE AND FORTLANDS
972677,001218,ST. KITTS PANORAMIC DRIVING TOUR
972678,001218,BEACH TRANSFER TO FRIGATE BAY
972679,001218,PELICAN STAND UP PADDLE BOARD
972680,001218,AT HOME WITH KITTIANS
971190,001218,BEST OF ST KITTS BY OPEN AIR ISLAND SAFARI
971191,001218,BASSETERRE BEACH TRANSFER
971231,001218,DOLPHIN ENCOUNTER
971232,001218,DOLPHIN SWIM
971233,001218,DOLPHIN OBSERVER
974729,001218,RUINS AND RESTORATIONS IN ST KITTS
974765,001218,SNORKEL SAFARI ADVENTURE
995922,000396,PANORAMIC STOCKHOLM & VASA MUSEUM
995992,000396,OLD TOWN & CITY HALL
995993,000396,STOCKHOLM WATERWAYS
995994,000396,THE VIKINGS & THE FABULOUS GOLD ROOM
995995,000396,DROTTINGHOLM PALACE & GARDENS
995996,000396,HISTORIC STOCKHOLM & SIGTUNA
995997,000396,SHUTTLE BUS
986327,000396,HISTORICAL WALK ON A ROOFTOP
996319,000396,STOCKHOLM BIKE TOUR
981888,000396,DISCOVERY WALKS - STOCKHOLM
973879,000396,STOCKHOLM HOP-ON HOP-OFF
973994,000396,ABBA AND STOCKHOLM HIGHLIGHTS
995834,CL0392,TOBAGO SOUTH
995835,CL0392,GLASS BOTTOM BUCCOO REEF
995836,CL0392,ROXBOROUGH RAINFOREST ADVENTURE
995837,CL0392,TROPICAL GARDEN & NATURE RESERVE
995838,CL0392,PIGEON POINT BEACH BREAK
995839,CL0392,ARGYLE FALLS
995840,CL0392,TOBAGO CRUISE
995841,CL0392,TOBAGO ISLAND EXPLORER
982127,CL0392,SCARBOROUGH BIKE TOUR
994370,001610,MOGAN & YELLOW SUBMARINE
995821,001610,DISCOVER THE NORTH & ITS FINCAS
995822,001610,GRAN CANARIA LIGHT
999033,001610,LAS PALMAS BIKE TOUR
987092,001610,MASPALOMAS BEACH TRANSFER
987726,001610,ARUCAS & TEROR
987727,001610,TANDEM PARACHUTE JUMP AT DUNES
991749,001610,LAS PALMAS & BANDAMA CRATER
992787,001610,CAMEL TREKKING
992838,001610,SOUTH WESTERN DELIGHTS
992839,001610,CATAMARAN SAILING - DOLPHIN WATCH
992874,001610,CASA ROMANTICA
989141,001610,LAS PALMAS GOLF PACKAGE
973927,001610,LAS PALMAS HOP-ON HOP-OFF
990242,000483,COLONIAL ERA TOUR
990243,000483,NIGHT SAFARI
990262,000483,SINGAPORE CITY TOUR
990263,000483,FOOTSTEPS OF RAFFLES
974858,000483,SNAPSHOT OF SINGAPORE
974859,000483,SINGAPORE BY LAND AIR AND SEA
974860,000483,WONDERS OF SINGAPORE - THE CITY IN A GARDEN
974861,000483,SINGAPORES CULTURAL CHARMS
974862,000483,TRACING THE FOOTPRINTS OF RAFFLES
974863,000483,A GOURMET JOURNEY OF SINGAPORE
974864,000483,TRULY PERANAKAN JOURNEY
974865,000483,SINGPORES RELIGIOUS RELICS
974866,000483,WORLD WAR MEMORIES
974867,000483,SINGAPORE AT DUSK
994153,000446,PANORAMIC BODRUM
994154,000446,EXPLORE BODRUM
994155,000446,MILETUS & DIDYMA
994156,000446,HAMMAM - TURKISH BATH
994157,000446,VILLAGE LIFE
994158,000446,GULET SAILING
994159,000446,BODRUM 4X4 ADVENTURE
999607,000446,BODRUM BIKE TOUR
981771,000446,PAMUKKALE - THE COTTON CASTLE
982192,000446,PANORAMIC BODRUM & MARKET
993716,001628,MARBELLA & PUERTO BANUS
993717,001628,MAGICAL MIJAS
993718,001628,GRANADAS ALHAMBRA PALACE
993719,001628,NERJA CAVES
993720,001628,MALAGA CITY TOUR
993721,001628,FUENGIROLA BEACH TRANSFER
993722,001628,MALAGA - SHUTTLE BUS
982169,001628,MALAGA BIKE TOUR
971189,001628,EASY MALAGA
973938,001628,MALAGA HOP-ON HOP-OFF
974645,001628,MALAGA BY MINI TRAIN
993866,001673,LORO PARQUE
993867,001673,SCENIC MOUNT TEIDE
993868,001673,SHOPPING IN PUERTO DE LA CRUZ
993973,001673,PLAYA DE LAS AMERICAS - ON YOUR OWN
994294,001673,NORTH PANORAMIC TOUR
994377,001673,4X4 ADVENTURE - TAGANANA
994378,001673,GARDENS & WINE
994379,001673,HIKING MOUNT TEIDE
995293,001673,LA LAGUNA WORLD HERITAGE & VINEYARDS
995950,001673,SIAM PARK
982125,001673,TENERIFE BIKE TOUR
982165,001673,FAREWELL TENERIFE
973877,001673,SANTA CRUZ HOP-ON HOP-OFF
994791,001984,PANORAMIC ARUBA
994792,001984,DE PALM ISLAND - HALF DAY
994793,001984,SEATREK HELMET DIVE & DE PALM ISLAND COMBO
994794,001984,SEE & SEA
994795,001984,ARUBA OFF ROAD
994796,001984,ATLANTIS SUBMARINE
994873,001984,HALF-DAY 4X4 SAFARI
994874,001984,SEE & SEA ISLAND TOUR
996102,001984,ARUBA BIKE TOUR
989433,001984,DE PALM ISLAND - FULL DAY
972657,001984,NATURAL WONDERS TOUR
972658,001984,ANDICURI UTV OFF-ROAD SAFARI
972659,001984,ARUBA SIGHTS AND BEACH
996225,000613,AMSTERDAM CITY & CANAL CRUISE
996226,000613,DUTCH ICONS; WINDMILLS CLOGS & CHEESE
996227,000613,AMSTERDAM & VAN GOGH
986253,000613,ANNE FRANK HOUSE & CITY TOUR
986375,000613,AMSTERDAM BY BIKE
986384,000613,SPARKLING AMSTERDAM
989006,000613,TUK TUK AMSTERDAM ADVENTURES
989007,000613,AJAX STADIUM EXPERIENCE ON E-SCOOTER
989313,000613,EVENING RED LIGHT DISTRICT WALK
989314,000613,CANDLELIGHT CRUISE
989315,000613,RED LIGHT DISTRICT BY TUK TUK
989316,000613,AMSTERDAM EXPLORER PACKAGE
989317,000613,AMSTERDAM HIGHLIGHTS PACKAGE
973930,000613,AMSTERDAM HOP-ON HOP-OFF
993692,000622,DISCOVERING REYKJAVIC
993693,000622,BATHING IN THE BLUE LAGOON
995932,000622,THE GOLDEN CIRCLE
996037,000622,KRYSUVIK BLUE LAGOON & VIKING BOAT ICELANDER
996038,000622,SUPER 4X4 ADVENTURE
996039,000622,FIRE & ICE: VOLCANO & GLACIER FLIGHTSEEING
996211,000622,REYKJAVIK BIKE TOUR
996222,000622,GLACIER EXPEDITION
989394,000622,WHALE WATCHING EXPERIENCE
973373,000622,THE BEST OF REYKJAVIK
973374,000622,HEART OF THE GLACIER
973375,000622,VIKINGS HORSES AND HOT SPRINGS
973876,000622,REYKJAVIK HOP-ON HOP-OFF
991117,000428,PHANG NGA BAY KAYAK ADVENTURE
991118,000428,DIVING IN THAILAND
974779,000428,BEST OF PHUKET
974780,000428,TEMPLES AND TASTES
974781,000428,PHUKET HIGHLIGHTS AND BOTANICAL GARDEN
974782,000428,OLD TOWN TOUR AND THAI MASSAGE
974783,000428,JAMES BOND ISLAND AND PHANG NGA BAY
974784,000428,PHI PHI ISLANDS BY SPEEDBOAT
974785,000428,ISLAND SPEEDBOAT ESCAPE
974786,000428,PANORAMIC PHUKET AND BEACH TIME
993862,002393,VOLCANO & WINE
993863,002393,SCENIC LA CALDERA
993864,002393,WALK IN THE NATURE OF LA PALMA
993865,002393,QUAD BIKES ADVENTURE
995830,002393,OFF ROAD BUGGY ADVENTURE
995831,002393,LA PALMA - OUT & ABOUT
999034,002393,SANTA CRUZ DE LA PALMA BIKE TOUR
996190,002393,LA PALMA TREE TOP ADVENTURE
987738,002393,EASY LA PALMA
987739,002393,SANTA CRUZ DE LA PALMA SIGHTSEEING - TROLLEY TRAIN
995304,002627,TAORMINA
995305,002627,MOUNT ETNA
995306,002627,TAORMINA & MOUNT ETNA
995319,002627,GODFATHER VILLAGES (SAVOCA & FORZA DAGRO)
995343,002627,PANORAMIC MESSINA
999041,002627,MESSINA BIKE TOUR
999042,002627,MESSINA BIKE TOUR (ACTIVE)
988064,002627,MOUNT ETNA & SICILIAN FLAVOURS
971745,002627,BEACH TOUR
973989,002627,TINDARI - SANCTUARY OF THE BLACK MADONNA
993603,002637,ANCIENT OLYMPIA AND VILLAGE
995379,002637,KOUROUTA BEACH
996130,002637,KATAKOLON BIKE TOUR
987708,002637,DOMAINE MERCOURI WINERY
987709,002637,TRADITIONAL FARM & FOLK DANCE
991502,002637,ANCIENT OLYMPIA
992948,002637,ALDEMARE HOTEL BEACH TRANSFER
992951,002637,KOUROUTA BEACH - DNU 992951
992957,002637,MUSEUM & WINE
994365,002639,RANCHO TEXAS PARK - SWIMMING WITH SEA LIONS
994366,002639,SHOPPING AT PUERTO CALERO
994367,002639,VOLCANO FLIGHTSEEING
995832,002639,4X4 LANZAROTE ADVENTURE
999036,002639,ARRECIFE BIKE TOUR
996157,002639,RANCHO TEXAS PARK
992328,002639,COSTA TEGUISE TRANSFER
992331,002639,SUBMARINE ADVENTURE
992332,002639,PUERTO DEL CARMEN TRANSFER
992337,002639,DISCOVER THE NORTH - MANRIQUES MASTERPIECES
992342,002639,ARRECIFE SHUTTLE BUS
992357,002639,FIRE MOUNTAIN
982135,002639,LANZAROTE BUGGY TOUR
994427,002634,CARGESE THE GREEK VILLAGE
995295,002634,COASTAL DRIVE & INLAND VILLAGE
999043,002634,AJACCIO BIKE TOUR (ACTIVE)
996116,002634,AJACCIO BIKE TOUR
990840,002634,RIVER AND SEA KAYAK
992120,002634,A TASTE OF CORSICA
992121,002634,EARTH AND AIR ADVENTURE
992122,002634,WEST COAST ADVENTURE
992123,002634,CORSICAS NATURAL BEAUTY
992124,002634,THE BEAUTY OF CORSICA
992524,002634,MINI-TRAIN & MOUNTAIN
992525,002634,TORTOISE PROTECTION CENTRE
992526,002634,AJACCIO HELICOPTER
970985,002634,VIZZAVONA & TASTING
970986,002634,BASTELICA & LITTLE TRAIN
971634,002690,PANORAMIC TOUR OF CEUTA
971682,002690,PANORAMIC TOUR CEUTA
981999,002690,CEUTA CITY TOUR
982000,002690,TETOUAN CITY TOUR
982003,002690,THE HOLY CITY OF CHAOUEN
982129,002690,CEUTA BIKE TOUR
993989,002700,ALBUFEIRA CANOE ADVENTURE - DNU 993989
993990,002700,WONDERS OF THE SEA - DNU 993990
991253,002700,ALBUFEIRA CANOE ADVENTURE - DNU 991253
991268,002700,SHUTTLE BUS
991280,002700,VALENCIA CITY TOUR
991281,002700,LLADRO FACTORY & SCENIC TOUR
992961,002700,WONDERS OF THE SEA - DNU 992961
987977,002700,VALENCIA & OCEANOGRAPHIC PARK
987978,002700,VALENCIA & BIOPARC
982130,002700,VALENCIA BIKE TOUR
970725,002700,ENJOY OCEANOGRAPHIC
993779,002691,OLD CITY & MONREALE
993780,002691,VILLAGE OF CEFALU
993781,002691,SCENIC PALERMO
993782,002691,MYSTERIOUS PALERMO
993783,002691,MONDELLO BEACH
993939,002691,TASTE OF SICILY
994193,002691,SICILIAN WINES
972228,002691,PALERMO & MONREALE
972229,002691,PALERMO AND THE PALATINE CHAPEL
972230,002691,VINEYARDS TOUR WITH TASTING
972231,002691,WALKING TOUR OF PALERMO
972232,002691,SANTA ROSALIAS GROTTO & MONDELLO
993729,002696,CASSIS
993730,002696,AVIGNON & MARSEILLE
993731,002696,MARSEILLE CITY TOUR
993732,002696,AIX EN-PROVENCE
993733,002696,SHUTTLE BUS
999055,002696,MEMORIES OF MARSEILLE
971635,002696,EASY MARSEILLE
971636,002696,CASTELLET & WINE TASTING
971637,002696,AVIGNON AND POPES PALACE
971759,002696,MARSEILLE BIKE TOUR
973393,002820,BILBAO CITY TOUR
973394,002820,LANDMARKS OF BILBAO
973395,002820,SCENIC BILBAO & CASTRO URDIALES
973396,002820,DISCOVER SAN SEBASTIAN
973397,002820,HISTORIC GERNIKA
973398,002820,A TASTE OF THE BASQUE COASTLINE
973399,002820,MOTORS AND MONUMENTS
973400,002820,CASTLES AND CAVES
995918,002826,DREAMY DJURSLAND
995978,002826,SILKEBORG - THE LAKE HIGHLANDS OF DENMARK
995979,002826,AARHUS CITY HIGHLIGHTS
996201,002826,AARHUS BIKE TOUR
973255,002826,FULL STEAM AHEAD
973256,002826,LAKE CRUISE AND VIEWS
973257,002826,THE COLOURS OF AARHUS
973258,002826,THE MANOR OF GAMMEL ESTRUP - VISIT THE CASTLE
973366,002826,A WALK IN AARHUS
995949,002830,ESSENCE OF NORWAY
995962,002830,OYE
996326,002830,HELLESYLT BIKE TOUR
995924,002824,HELSINKI & PORVOO
996000,002824,HELSINKI CITY TOUR
996001,002824,SEURASAARI BY BOAT & HELSINKI CITY
996002,002824,HELSINKI & AINOLA
996003,002824,SANTAS SUMMER HOUSE
996004,002824,HELSINKI BY BIKE
996005,002824,SHUTTLE BUS
996207,002824,HELSINKI BIKE TOUR
986328,002824,HELSINKI BY VINTAGE TRAM
973370,002824,UNIQUE FINLAND & ICE BAR
973371,002824,NUUKSIO REINDEER PARK
981886,002824,DISCOVERY WALKS - HELSINKI
973935,002824,HELSINKI HOP-ON HOP-OFF
994399,002836,VIGO & BAYONA
994400,002836,SANTIAGO DE COMPESTELA
994401,002836,THE BORDER COUNTRY
996272,002836,VIGO BIKE TOUR
987758,002836,SOUTOMARIOR CASTLE & WINE CELLAR
971641,002836,PONTEVEDRA & COMBARRO
971642,002836,PANORAMIC VIGO
971643,002836,THE OYSTER ROUTE
995362,002884,BALAGNA SCENIC DRIVE
995363,002884,CORSICAN OLD VILLAGES
995364,002884,OPEN TOP DRIVE
995365,002884,CALVI WALKING TOUR
995366,002884,OFF ROAD TOUR
995367,002884,THE CALANCHES DE PIANA
996123,002884,CALVI BIKE TOUR
970955,002884,WINES OF CORSICA
970956,002884,SALECCIA BOTANICAL GARDENS
986257,003087,ST TROPEZ & PORT GRIMAUD
986258,003087,MONACO & MONTE CARLO ON YOUR OWN
986259,003087,CANNES & ST PAUL DE VENCE
986260,003087,WINES OF PROVINCE
986261,003087,ST TROPEZ BY BOAT
986262,003087,EASY CANNES
986263,003087,FABULOUS FREJUS
986264,003087,ST RAPHAEL BIKE TOUR
995926,002825,HIGHLIGHTS OF TALLINN
996018,002825,KADRIORG PALACE & CITY HIGHLIGHTS
996019,002825,TALLINN WALKING TOUR
982891,002825,ESTONIAN COUNTRYSIDE & FISH FARM LUNCH
983164,002825,TALLINN BY SEGWAY
973367,002825,TALLINNS MEDIEVAL MARVELS
996327,002825,TALLINN BIKE TOUR
981629,002825,TALLINN PANORAMA
981630,002825,TALLINN HIGHLIGHTS
981786,002825,ST NICOLAS CHURCH & OLD TOWN
981889,002825,DISCOVERY WALKS - TALLINN
973881,002825,TALLINN HOP-ON HOP-OFF
973389,003798,GIRONA CITY TOUR
973390,003798,BANYOLES & BESALU
973391,003798,FIGUERES AND DALI MUSEUM
973392,003798,CADAQUES & ROSES
995930,CMS017,JEWELS OF THE NORTH
996031,CMS017,NATURE FOLK & FLORA
996032,CMS017,WHALE WATCHING & THE GODAFOSS FALLS
996033,CMS017,MYVATN NATURE BATHS
996034,CMS017,POLAR FLIGHT TO GRIMSEY ISLAND
996202,CMS017,AKUREYRI BIKE TOUR
996220,CMS017,GODAFOSS & LEISURELY AKUREYRI
989393,CMS017,WHALE WATCHING FROM AKUREYRI PORT
994869,CMS018,DEAD SEA
995787,CMS018,TEL AVIV BEACH & SHOPPING
996100,CMS018,OVER NIGHT EXPERIENCE
987733,CMS018,JERUSALEM ON YOUR OWN
992326,CMS018,JERUSALEM THROUGH TIME
992329,CMS018,NAZARETH & GALILEE
992338,CMS018,JERUSALEM AND MOUNT ZION
992339,CMS018,PANORAMIC JERUSALEM
992351,CMS018,MASADA & DEAD SEA
992358,CMS018,JERUSALEM & BETHLEHEM
992359,CMS018,TEL AVIV & JAFFA
992360,CMS018,YAD VASHEM & JERUSALEM
989201,CMS018,CAVE EXPLORING AT BEIT GUVRIN
989202,CMS018,HIGHLIGHTS OF BETHLEHEM
989203,CMS018,JERUSALEM & DEAD SEA
981627,CMS018,ASHDOD BIKE TOUR
993600,CMS022,PIRAN & PORTOROZ - LITTLE ITALY
996124,CMS022,KOPER BIKE TOUR
986346,CMS022,BEST OF SLOVENIA - LJUBLJANA & LAKE BLED
986347,CMS022,NATURE WALK IN DRAGONJA VALLEY
986348,CMS022,CULTURAL VILLAGE
986349,CMS022,4X4 ADVENTURE
986356,CMS022,KOPER TAXI TRANSFER - 6HRS
986357,CMS022,KOPER TAXI TRANSFER - 8HRS
990798,CMS022,KOPER IMPRESSIONS WALKING TOUR
991025,CMS022,SPEED BOAT & IZOLA
991507,CMS022,TASTE OF SLOVENIA
991510,CMS022,CAVES & CASTLES
991528,CMS022,LIPICA HORSES AND POSTOJNA CAVES
991530,CMS022,POSTONJNA CAVES
991531,CMS022,LLUBLJANA AND BLED - THE NEXT PRAGUE
991532,CMS022,POSTOJNA CAVES AND PREDJAMA CASTLE
991534,CMS022,WHITE WATER RAFTING ADVENTURE
991540,CMS022,BEACH PARTY
991541,CMS022,CASTLE OF BLED
991542,CMS022,ADVENTURE BIKE RIDE
991543,CMS022,LIPICA HORSES
992921,CMS022,PORTOROZ TRANSFER
992946,CMS022,LJUBLJANA
973510,CMS022,IMPRESSIONS OF KOPER
973511,CMS022,HIGHLIGHTS OF PIRAN & PORTOROZ
973512,CMS022,LIPIZZANER HORSES OF SLOVENIA
973513,CMS022,TIME AT THE BEACH
973514,CMS022,A SLOVENIAN SNAPSHOT
973515,CMS022,SLOVENIA OFF-ROAD
995605,003683,SARDINIA FOLK DANCES
983158,003683,CAGLIARI BIKE TOUR
987599,003683,SARDINIAN FLAVOURS & FOLK SHOW
990383,003683,NURAGIC ROYAL PALACE OF BARUMINI
991850,003683,RELAXING SCENIC DRIVE
991886,003683,PULA & THE EXCAVATIONS OF NORA
991888,003683,SARDINIAN FOLK DANCES
991895,003683,CAGLIARI SIGHTSEEING
993838,003907,TRAFALGAR FALLS & SULPHUR SPA
993839,003907,TRAFALGAR FALLS & EMERALD POOL
993840,003907,RAINFOREST AERIAL TRAM
993841,003907,INDIAN RIVER ROWBOAT
993842,003907,LAYOU RIVER SCENIC DRIVE
993843,003907,WACKY RIVER TUBING
993844,003907,CHAMPAGNE SNORKEL
993845,003907,FUN CAT
993846,003907,PORTSMOUTH - NATURE TRAIL & BIRDWATCHING
993847,003907,PORTSMOUTH - CALIBISHIE RAINFOREST DRIVE
993848,003907,PORTSMOUTH - INDIAN RIVER & EMERALD POOL
993849,003907,PORTSMOUTH - EMERALD POOL & CARIB TERRITORY
993850,003907,PORTSMOUTH - INDIAN RIVER ROWBOAT
993851,003907,PORTSMOUTH - RIVER TUBING & EMERALD POOL
993970,003907,EMERALD POOL & MERO BEACH
994288,003907,CARIB INDIAN & CULTURE
994289,003907,NATURE SPA TREASURES
994290,003907,OCEAN KAYAK & SNORKELLING
994832,003907,MIDDLEHAM FALLS HIKE
995888,003907,ACCESSIBLE DOMINICA & RAINFOREST DRIVE
995889,003907,ROSEAU BY TROLLEY TRAIN
988028,003907,WACKY TRUCK WATERFALL & RAINFOREST ADVENTURE
988029,003907,ISLAND TRADITIONS AND HERBAL REMEDIES
988061,003907,WHALE & DOLPHIN SPOTTING BY R.I.B.
973057,003907,BOIS COTLETTE ESTATE
980915,003907,BEACH & WATERFALL
980916,003907,RIVER TUBING RAINFOREST DRIVE & FALLS
980917,003907,LAND & SEA R.I.B. ADVENTURE
982126,003907,ROSEAU BIKE TOUR
971149,003907,HOT SPRINGS ESCAPE
971150,003907,TRAFALGAR FALLS & TITOU GORGE
971151,003907,EMERALD POOL & MR. NICE
971152,003907,TRAFALGAR FALLS & BUBBLING REMNANTS
971153,003907,INDIAN RIVER ROW BOAT & BEACH
971154,003907,DOMINICA WHALE & DOLPHIN
971155,003907,ROSEAU VALLEY SCENIC DRIVE & FRESHWATER LAKE
974658,003907,HIBISCUS FALLS WITHOUT THE HIKE
971530,003990,PANORAMIC CITY TOUR
971531,003990,BAHRAIN GRAND TOUR
971532,003990,BAHRAIN ANCIENT AND MODERN TOUR
971533,003990,ULTIMATE BAHRAIN
971534,003990,BAHRAIN BLACK GOLD & CAMEL TOUR
971535,003990,ARABIAN HISTORY AND CULTURE
971536,003990,4X4 EXTREME TOUR
971537,003990,BAHRAINS BEST KEPT SECRET TOUR
971538,003990,HIGH TEA AT RITZ CARLTON
971539,003990,PEARL SNORKELLING TOUR
993745,CMS095,THE LEANING TOWER OF PISA
993746,CMS095,FLORENCE & PISA
993747,CMS095,FLORENCE ON YOUR OWN - 9HRS
993748,CMS095,PUCCINI LAKE & PISA
993749,CMS095,A TASTE OF TUSCANY
993750,CMS095,BOAT RIDE TO LIVORNO
994371,CMS095,EASY PISA
994448,CMS095,TIRRENIA BEACH
996110,CMS095,LIVORNO BIKE TOUR
996166,CMS095,PISA & TASTING
983131,CMS095,EXCLUSIVE - INSIDE THE TOWER OF PISA
983132,CMS095,EXCLUSIVE - TUSCANYS HIDDEN TRADITIONS
990332,CMS095,FLORENCE AND THE BOBOLI GARDENS
991961,CMS095,SIENA AND SAN GIMIGNANO
991966,CMS095,THE MEDIEVAL TOWN OF LUCCA
988062,CMS095,LUCCA
988063,CMS095,PINOCCHIOS REAL WORLD
971357,CMS095,PISA OYO
971362,CMS095,FLORENCE FULL DAY
971363,CMS095,THE MEDIEVAL TOWN OF VOLTERRA
971752,CMS095,THE CANALS OF LIVORNO
971753,CMS095,BEACH TRANSFER HALF DAY
972360,CMS095,ONCE UPON A TIME IN FLORENCE
981775,CMS095,FLORENCE ON YOUR OWN - SHORTER DAY (7HRS)
981839,CMS095,DISCOVERY WALKS - FLORENCE
981840,CMS095,DISCOVERY WALKS - PISA
999045,001439,HISTORIC BERGEN ON FOOT
990385,001439,BERGEN BY SEAPLANE
991167,001439,MOUNT FLOYEN SCENIC HIKE
991170,001439,CLASSICAL SIGHTS & SOUNDS OF BERGEN
991861,001439,BERGEN SHUTTLE BUS
991862,001439,BERGEN AQUARIUM ADVENTURE
993014,001439,BEAUTIFUL BERGEN BY COACH
993030,001439,OLD TIME BERGEN
988589,001439,THE HEIGHTS & SIGHTS OF BERGEN
996323,001439,BERGEN BIKE TOUR
973932,001439,BERGEN HOP-ON HOP-OFF
991840,002625,STUNNING SEVILLE
991863,002625,SEVILLE ON YOUR OWN
991876,002625,CADIZ WALKING TOUR
991897,002625,JEREZ & ARCOS DE LA FRONTERA
991905,002625,FLAMENCO & FIESTA
989299,002625,WHITE VILLAGES
982128,002625,CADIZ BIKE TOUR
982184,002625,CADIZ CITY TOUR
982185,002625,CADIZ PANORAMIC TOUR
982186,002625,CADIZ & A TASTE OF JEREZ
973933,002625,CADIZ HOP-ON HOP-OFF
995923,002828,GOTHENBURG CITY TOUR
995998,002828,WEST COAST ISLANDS
995999,002828,SHUTTLE BUS
996206,002828,GOTHENBURG BIKE TOUR
986324,002828,NORTHERN ARCHIPELAGO TOUR
986326,002828,THE NORTHERN ARCHIPELAGO
996348,002828,PANORAMIC GOTHENBURG & CANAL CRUISE
973926,002828,GOTHENBURG HOP-ON HOP-OFF
973995,002828,CITY TOUR AND HAGA
995911,000591,DISCOVER OSLO
995963,000591,NORWEGIAN EXPLORERS & VIKING SHIP MUSEUM
995964,000591,OSLO BY SEAPLANE
996139,000591,EXPLORE OSLO & ICE BAR
996140,000591,WOODEN SAILING BOAT
996321,000591,OSLO BIKE TOUR
981887,000591,DISCOVERY WALKS - OSLO
973936,000591,OSLO HOP-ON HOP-OFF
973992,000591,PANORAMIC OSLO
973993,000591,OSLO MUNCH MUSEUM AND OPERA HOUSE
995913,002833,TROMSO PANORAMIC
995967,002833,TOTALLY TROMSO
995968,002833,WILDERNESS CENTRE & POLARIA
995969,002833,POLARIA
996216,002833,TROMSO BIKE TOUR
986340,002833,TROMSO & THE NORTHERN LIGHTS SCIENCE CENTRE
989224,002833,POLARIA & ARCTIC CATHEDRAL
999040,002697,VILLEFRANCHE BIKE TOUR
996229,002697,NICE & LITTLE TRAIN
990980,002697,SCENIC FRENCH RIVIERA
992054,002697,ANTIBES AND NICE
992055,002697,ST PAUL DE VENCE
992056,002697,MONACO & MONTE CARLO
992058,002697,BEST OF THE FRENCH RIVIERA
992062,002697,NICE & EZE
992065,002697,NICE MONACO & MONTE CARLO
982167,002697,MONACO - EASY GOING
995933,002839,INDEPENDENT BRUGES
996040,002839,BRUGES & CHOCOLATE
996041,002839,BRUGES & BEER
996042,002839,FLANDERS FIELD
973716,002839,BRUGES AND CANAL CRUISE
996329,002839,BRUGES BIKE TOUR
993598,000158,LEVADA WALK
993599,000158,CABO CAMARA AND REIDS PALACE
994188,000158,SPIRIT OF MADEIRA
999035,000158,FUNCHAL BIKE TOUR
991013,000158,SCENIC MADEIRA
991369,000158,BEST OF THE WEST
991371,000158,TASTE OF MADEIRA & CABLE CAR
991511,000158,BOTANICAL BEAUTY & CABLE CAR
992949,000158,FESTIVE FUNCHAL CHRISTMAS LIGHTS
992950,000158,FUNCHAL 4X4 EXPEDITION
989142,000158,FUNCHAL GOLF PACKAGE
993416,000158,EASTERN DELIGHTS
993417,000158,CABO CAMARA AND BLANDYS
993422,000158,HELICOPTER SIGHTSEEING
993424,000158,MADEIRA EVENING
970753,000158,AFTERNOON TEA AT 17TH-CENTURY FORT BY VINTAGE CAR
970754,000158,TUKXI AT THE HEART OF FUNCHAL
970755,000158,VIEWPOINTS & SURROUNDINGS OF FUNCHAL BY SIDECAR
973925,000158,FUNCHAL HOP-ON HOP-OFF
994364,003157,RED SEA PADI DIVING
986361,003157,PETRA - TREK TO THE MONASTERY
986362,003157,TAXI TRANSFER FROM AQABA
986751,003157,GULF OF AQABA SUNSET CRUISE
987762,003157,CORAL VIEWING & SNORKELLING CRUISE
987763,003157,SNORKELLING & TRANSFER TO DIVE AREA
987764,003157,RED SEA PADI DIVING - QUALIFED
992334,003157,WADI RUM - 4X4 DESERT ADVENTURE
992343,003157,DEAD SEA
992348,003157,SHUTTLE BUS
992354,003157,PETRA - THE ROSE RED CITY
992355,003157,MOVENPICK HOTEL & BEACH
995915,002831,ISLAND TOUR TO GISKE & GODOY
995971,002831,ALESUND WALK
995972,002831,SUNNMORE MUSEUM & CITY TOUR
995973,002831,VALLEY OF THE TROLLS
996204,002831,ALESUND BIKE TOUR
973929,002831,ALESUND HOP-ON HOP-OFF
995916,002840,CANYONS & CASCADES
995974,002840,NATURAL BEAUTY & NATURE CENTRE
996267,002840,EIDFJORD BIKE TOUR
986255,002840,KAYAKING IN EIDFJORD
986256,002840,LOFTHUS - THE ORCHARD OF NORWAY
989225,002840,SCENIC HARDANGER
973963,002840,EXPLORE EIDFJORD
995909,002829,FLAM RAILWAY ADVENTURE
995951,002829,NAEROY FJORD & STALHEIM
995952,002829,FLAM RAILWAY & HIKE
995953,002829,SCENIC STALHEIM
995954,002829,LAZY RIVER ADVENTURE
999050,002829,STALHEIMS HAIRPIN ROAD & TVINDEWATERFALL
996136,002829,THE WHITE MINES OF NORWAY
986246,002829,R.I.B. BOAT ADVENTURE & BEER TASTING
996322,002829,FLAM BIKE TOUR
995958,000590,MOUNT DALSNIBBA
995959,000590,HERDAL HOME FARM
995960,000590,NORWEGIAN FJORD CENTRE EXPERIENCE
995961,000590,KAYAKING AT THE GEIRANGERFJORD
986247,000590,R.I.B. BOAT ADVENTURE
995914,002835,NORTH CAPE EXPLORER
995970,002835,KING CRAB SAFARI
996137,002835,BIRD SAFARI BY BOAT
996138,002835,ALL TERRAIN VEHICLE ADVENTURE
986248,002835,HONNINGSVAG BY BIKE
996325,002835,HONNINGSVAG BIKE TOUR
995931,CMS020,LIFE & CULTURE IN ISAFJORD
996035,CMS020,VIGUR ISLAND
996036,CMS020,FJORDS & HESTEYRI BOAT TRIP
996208,CMS020,ISAFJORD BIKE TOUR
996221,CMS020,FJORDS & FLOWERS
973372,CMS020,FOXES & FJORDS
995912,CMS006,ATLANTIC OCEAN ROAD & BUD
995965,CMS006,VALLEY OF THE TROLLS
995966,CMS006,TOWN OF ROSES - MOLDE CITY SIGHTS
996270,CMS006,MOLDE BIKE TOUR
995910,003435,BRIKSDALEN GLACIER
995955,003435,CRUISING THE OLDEN LAKE
995956,003435,MAJESTIC KJENNDALEN GLACIER
995957,003435,NORDFJORD PANORAMA
989226,003435,BRIKSDALEN GLACIER WITH TROLL CARS
996320,003435,OLDEN BIKE TOUR
995917,CMS025,PANORAMIC STAVANGER
995975,CMS025,PULPIT ROCK
995976,CMS025,IRON AGE FARM
995977,CMS025,MANSIONS & THE OLD TOWN
996213,CMS025,STAVANGER BIKE TOUR
973878,CMS025,STAVANGER HOP-ON HOP-OFF
995928,002841,THE MINSTER & THE MOLLI TRAIN
996022,002841,SCENIC BERLIN
996023,002841,BERLIN - STALIN HITLER & THE COLD WAR
996024,002841,ROSTOCK & THE K.G.B.
996025,002841,FLAVOURS OF ROSTOCK
996230,002841,BERLINS TOP 10
989384,002841,PANORAMIC MECKLENBURG
989385,002841,ROSTOCK BY ROAD RIVER & RAIL
973448,002841,MADE IN GERMANY
973449,002841,ROSTOCKS FAMOUS FARM
973450,002841,A BALTIC BEAUTY
973451,002841,ROSTOCKS TOP 10
973452,002841,HISTORYS DRIVING FORCE
973453,002841,BERLIN SNAPSHOT
996318,002841,WARNEMUNDE BIKE TOUR
995846,001636,FODELE & RETHYMNON
995847,001636,ELOUNDA & SPINALONGA
986383,001636,HERAKLION BIKE TOUR
991352,001636,MEET CRETE
991354,001636,KRITSA & AGHIOS NIKOLAOS
991365,001636,KNOSSOS & SHOPPING
991501,001636,TRADITIONAL CRETAN VILLAGE & KNOSSOS
992944,001636,CRETAN ACTIVITIES
982019,001636,EXPLORING CRETE
994429,000454,EPHESUS & THE HOUSE OF MARY - FULL DAY
995639,000454,MILETUS & DIDYMA
995640,000454,BOAT TOUR
996128,000454,KUSADASI BIKE TOUR
982609,000454,KUSADASI MINIVAN TRANSFER
982610,000454,EPHESUS & ST. JOHN BASILICA ELITE TOUR
982707,000454,EPHESUS & TERRACE HOUSES NICHE TOUR
982708,000454,EPHESUS & EPHESUS MUSEUM NICHE TOUR
991747,000454,HORSE TREKKING
991748,000454,EPHESUS & THE HOUSE OF MARY - HALF DAY
992840,000454,QUAD BIKING
992842,000454,AQUA FANTASY WATERPARK
992843,000454,ST JOHNS & SIRINCE
989283,000454,DOLPHIN SHOW
989284,000454,EASY EPHESUS
989285,000454,TURKISH BATHS
994197,000655,VENICE ON YOUR OWN - HALF DAY
994198,000655,GONDOLA & ST MARKS - HALF DAY
994199,000655,GONDOLA AND EXPLORE HD
996125,000655,VENICE BIKE TOUR
991255,000655,MUSIC OF THE NIGHT
991261,000655,GONDOLA & ST MARKS - FULL DAY
991265,000655,SECRET CORNERS
991272,000655,VENICE ON YOUR OWN - FULL DAY
991276,000655,ISLANDS OF MURANO BURANO & ST MARKS
989310,000655,VENICE FROM THE SKY
989311,000655,UNKNOWN VENICE WALKING TOUR
989312,000655,DISCOVERING VERONA
989969,000655,EASY VENICE
994414,000373,GREATEST VIEWS OF BARCELONA
994415,000373,FREIXENET & MONTSERRAT
994416,000373,AQUARIUM & PARK GUELL
996107,000373,BARCELONA BIKE TOUR
996197,000373,BARCELONA EXPLORER
987600,000373,HOP ON HOP OFF BUS
987724,000373,FANTASY ISLAND WATERPARK
992330,000373,MONTSERRAT AND WINE TASTING
992336,000373,BARCELONA BY AIR
992344,000373,GAUDIS BARCELONA
992345,000373,BARCELONA - EASY ON THE LEGS
992349,000373,SPORTING BARCELONA
992361,000373,BARCELONA CITY HIGHLIGHTS
992362,000373,BARCELONA SIGHTS & SHOPPING
992363,000373,GAUDIS BARCELONA & TAPAS
992364,000373,BARCELONA BY BIKE
988080,000373,THE BARCELONA EXPLORER
972124,000373,OLD TOWN WALK
972125,000373,BARCELONA AND SAGRADA FAMILIA
981838,000373,DISCOVERY WALKS - BARCELONA
973997,000373,HIDDEN TREASURES OF BARCELONA
974614,000373,SITGES TRANSFER
974638,000373,AQUARIUM & BARCELONETA BEACH
974644,000373,QUICK ESCAPE TO BARCELONA
994368,002693,LA MANGA BEACH TRANSFER
996119,002693,CARTAGENA BIKE TOUR
990601,002693,CONTRASTING COASTLINES
991836,002693,CARTAGENA SHOPPING
991847,002693,ELCHE AND BOTANICAL GARDENS
991859,002693,CARAVACA DE LA LUZ
991883,002693,MAGICAL MURCIA
991898,002693,CARTAGENA PORT OF CULTURES
988059,002693,MINING LA UNION
988060,002693,MAR MENOR & WINE
981785,002693,LA MANGA BEACH TRANSFER - DNU 981785
982172,002693,EASY CARTAGENA
974646,002693,CARTAGENA BY TROLLEY TRAIN
994402,003441,THE BAYEUX TAPESTRY
994403,003441,THE CAPE OF LA HAGUE
994404,003441,D DAY LANDINGS
994405,003441,SCENIC VAL DE SAIRE
994418,003441,THE GARDENS OF CHERBOURG
996264,003441,CHERBOURG BIKE TOUR
990432,002867,LA CORUNA & BETANZOS
990775,002867,SANTIAGO DE COMPOSTELA
973717,002867,LA CORUNA
995382,002699,THE BEST OF FLORENCE
995383,002699,FLORENCE ON YOUR OWN
995384,002699,THE LEANING TOWER OF PISA
995385,002699,PORTOVENERE
995386,002699,PORTOFINO & SANTA MARGHERITA
995387,002699,PUCCINI LAKE & PISA
995401,002699,EASY PISA
995402,002699,TIGULLIAN GULF
971472,002699,THE TOWN OF SARZANA AND SHOPPING
981841,002699,DISCOVERY WALKS - FLORENCE
981842,002699,DISCOVERY WALKS - PISA
982173,002699,LA SPEZIA BIKE TOUR
970259,002699,FLORENCE & PISA
970260,002699,PISA & LUCCA
970261,002699,INSIDE THE LEANING TOWER OF PISA
970262,002699,VESPA & PISA
970263,002699,THE CASTLE OF FOSDINOVO & WINE TASTING
970264,002699,MODENA & MUSEO FERRARI
970265,002699,SARZANA & PATISSERIE
970266,002699,WHITE MARBLE MOUNTAINS EXPERIENCE
970267,002699,TASTE OF SARZANA
970478,002699,CRUISE TO CINQUE TERRE
970479,002699,HIGHLIGHTS OF LUCCA
993774,002628,BARCELONA ON YOUR OWN
993775,002628,BARCELONA CITY HIGHLIGHTS
993776,002628,SPORTING BARCELONA
993777,002628,THE BEST OF COSTA BRAVA
993778,002628,THE DALI MUSEUM
993937,002628,PALS
993938,002628,GIRONA - DNU 993938
994190,002628,AQUA PARK
994191,002628,GIRONA
994192,002628,SICILIAN WINES
996121,002628,PALAMOS BIKE TOUR
981807,002628,MINI TRAIN & MEDIEVAL VILLAGES
981890,002628,DISCOVERY WALKS - BARCELONA
993784,000282,SOLLER TRAIN
993785,000282,INCA MARKET
993786,000282,ENJOY PALMA!
993940,000282,LLUCMAJOR MARKET & RANDA
993941,000282,PALMA NOVA BEACH TRANSFER
994194,000282,PALMA NOVA BEACH
988065,000282,PALMA HOP ON HOP OFF BUS
970044,000282,DRACH CAVES
970045,000282,MAJORCA SHOPPING DAY
970079,000282,SUN & FUN MAGALUF BEACH TRANSFER
996317,000282,PALMA BIKE TOUR
973937,000282,PALMA HOP-ON HOP-OFF
993919,003090,ST. TROPEZ & PORT GRIMAUD
993920,003090,CASSIS
993921,003090,BANDOL & SANARY-SUR-MER
993922,003090,AIX EN-PROVENCE
993923,003090,BORMES LES MIMOSAS
996108,003090,TOULON BIKE TOUR
971667,003090,MARSEILLE ON YOUR OWN
971668,003090,ST. TROPEZ ON YOUR OWN
972459,003090,CASTELLET & WINE TASTING
972460,003090,MARSEILLE & AIX EN PROVENCE
993988,003588,FAVIGNANA ISLAND - DNU 993988
994195,003588,FAVIGNANA BEACH
994196,003588,FAVIGNANA ISLAND - DNU 994196
995643,003588,ALCAMO - SICILIAN FOLK & FOOD TRADITIONS
995644,003588,TASTE OF SICILY
996122,003588,TRAPANI BIKE TOUR
991042,003588,SELINUNTE AND BEACH
991262,003588,SCENIC DRIVE TO STAGNONE
991266,003588,ERICE
992227,003588,SEGESTA
992930,003588,ERICE & SEGESTA
989320,003588,ISLE OF MOZIA & MARSALA
981628,003588,CRUISING & WINE
995919,CMS201,COPENHAGEN CITY TOUR
995980,CMS201,COPENHAGEN CITY & CANAL BOAT CRUISE
995981,CMS201,COPENHAGEN CITY & ICE BAR
995982,CMS201,COPENHAGEN ON YOUR OWN
995983,CMS201,COPENHAGEN & DRAGOER VILLAGE
995984,CMS201,COUNTRY CASTLE & COPENHAGEN CITY
995985,CMS201,THE GARDENS OF BIRKENGAARDEN
995986,CMS201,COPENHAGEN & TIVOLI TRANSFER
996209,CMS201,KALUNDBORG BIKE TOUR
973409,CMS201,CARLSBERG BREWERY & CITY TOUR
981915,CMS201,DISCOVERY WALKS - COPENHAGEN
983139,002822,LE HAVRE BIKE TOUR
986266,002822,BAYEUX & D DAY BEACHES
986267,002822,PARIS ON YOUR OWN
986268,002822,HONFLEUR & DEAUVILLE
982187,002822,ROUEN
995925,000784,RUSSIAN BALLET
996006,000784,YUSUPOV PALACE & CANAL CRUISE
996007,000784,PETERHOF GRAND PALACE & HERMITAGE
996008,000784,PUSHKIN & IMPERIAL ST PETERSBURG
996009,000784,PUSHKIN CATHERINE PALACE & PARK
996010,000784,PETERHOF GRAND PALACE & PARK
996011,000784,HERMITAGE
996012,000784,EVENING OF RUSSIAN SONGS & DANCES
996013,000784,MAJESTIC SPILLED BLOOD CATHEDRAL & WALKING TOUR
996014,000784,NEVA CRUISE
996015,000784,PETERHOF GARDENS & FOUNTAINS BY HYDROFOIL
996016,000784,ST PETERSBURG CATHEDRALS
996017,000784,MOSCOW!
996088,000784,PANORAMIC CITY TOUR OF ST PETERSBURG
996234,000784,HERMITAGE & GOLD ROOM VISIT
986249,000784,ST PETERSBURG BIKE TOUR
986250,000784,ST PETERSBURG PRIVATE MINIVAN WITH GUIDE - 4HRS
986251,000784,ST PETERSBURG PRIVATE MINIVAN WITH GUIDE - 8HRS
986252,000784,CONSTANTINE PALACE - RESIDENCE OF RUSSIAN
986363,000784,ST PETERSBURG TAXI TRANSFER- WHEELCHAIR ACCESSIBLE
988587,000784,PETERHOF PAVILIONS
973458,000784,A NIGHT AT THE RUSSIAN BALLET
973459,000784,FABULOUS FABERGE MUSEUM
973639,000784,MOSCOWS KREMLIN
993762,002166,THE TOTAL ISLAND PACKAGE!
993763,002166,BEACH TRANSFER
993764,002166,ANCIENT DELOS
993765,002166,SHUTTLE BUS
994450,002166,MYKONOS 4X4 ISLAND ADVENTURE
995390,002166,EASY PANORAMIC & WINE
996274,002166,MYKONOS BIKE TOUR
981871,002166,DISCOVERY WALKS - MYKONOS
993811,004070,TASTE OF PORTO & RIVER CRUISE
993812,004070,CITY HIGHLIGHTS
993813,004070,GUIMARAES
993814,004070,SHUTTLE BUS
993943,004070,MINHO
989475,004070,PORTO BIKE TOUR
989875,004070,PORTO BY TUK TUK
971669,004070,PANORAMIC PORTO
971670,004070,PORTO SIGHTSEEING IN OLDTIMMER WITH PORT WINE
971671,004070,THE WORLD OF DISCOVERIES
973870,004070,PORTO HOP-ON HOP-OFF
991021,L00203,COASTAL CHARMS
993029,L00203,HIGHLIGHTS OF MONTENEGRO
989390,L00203,TRADITIONAL KOTOR
989391,L00203,BLUE CAVE SPEEDBOAT
989392,L00203,LOVCEN OFF ROAD
970085,L00203,BAY OF KOTOR SAILING
993402,L00203,WALKING TOUR OF KOTOR
982133,L00203,KOTOR BIKE TOUR
993826,L01211,NORTH SHORE & PUSSERS LANDING
993827,L01211,DOLPHIN SWIM
993828,L01211,TORTOLA BY LAND & SEA
993829,L01211,VIRGIN GORDA
993830,L01211,FOREST HIKE & BEACH
993831,L01211,DOLPHIN  OBSERVER
993832,L01211,TOURING TORTOLA & BEACH
993833,L01211,DOLPHIN ENCOUNTER
993834,L01211,X-BOB
993835,L01211,FLIGHTSEEING
993836,L01211,DISCOVER SCUBA
993837,L01211,CERTIFIED SCUBA
994285,L01211,ISLAND PANORAMA
994286,L01211,LATILLE WATERFALL AND HIKE - DO NOT USE
995828,L01211,CANE GARDEN BEACH TRANSFER
996095,L01211,TORTOLA BIKE TOUR
987754,L01211,ROAD TOWN KAYAKING
987755,L01211,SAILAWAY CRUISE
987756,L01211,HISTORICAL TOUR
996339,L01211,DISCOVER SAILING - DNU 996339
982025,L01211,DISCOVER SAILING
989474,L01215,POINTE-A-PITRE BIKE TOUR
989948,L01215,PANORAMIC TOUR OF THE BUTTERFLY
989949,L01215,HINDU TEMPLE & CARBET FALLS
989950,L01215,JACQUES COUSTEAU RESERVE MARINE
989951,L01215,FLORAL PARK & SEVERIN DISTILLERY
989952,L01215,BEACH BY MOTORBOAT SHUTTLE
989953,L01215,CREOLE COLOURS & WILD LANDSCAPES
989954,L01215,SNORKELLING & KAYAKING AT PIGEON ISLET
989955,L01215,AMAZING ECO TOUR
989956,L01215,SCUBA DIVING IN JACQUES COUSTEAU RESERVE MARINE
989957,L01215,CREOLE FIESTA
972491,L01215,BOTANICAL GARDEN AND DESHAIES BEACH
993787,L01218,ST MAARTEN ISLAND TOUR
993788,L01218,AFTERNOON AT THE BEACH
993789,L01218,BUTTERFLY FARM & MARIGOT
993790,L01218,SEAWORLD EXPLORER
993791,L01218,RHINO RIDERS
993792,L01218,AMERICAS CUP SAILING REGATTA
993793,L01218,HIDDEN FOREST HIKE
993794,L01218,CERTIFIED SCUBA DIVE
993795,L01218,DISCOVER SCUBA DIVE
994291,L01218,GOLDEN EAGLE CATAMARAN SAILAWAY
994292,L01218,POWER RAFTING ADVENTURE - MULLET BAY BEACH BREAK
994830,L01218,SEA & SEE
996094,L01218,ST MAARTEN BIKE TOUR
987753,L01218,MADE IN PARADISE
989540,L01218,SCENIC COASTAL HIKE
989541,L01218,LAGOON KAYAKING ADVENTURE
989542,L01218,FAMILY BOOGIE BOARDING AT ORIENT BEACH
989543,L01218,ADVENTURE ST MAARTEN - THE RACE
989620,L01218,GOLDEN EAGLE CATAMARAN SAIL & SNORKEL
989621,L01218,ULTIMATE BEACH & SNORKEL BY POWER BOAT
989811,L01218,HARLEY IN PARADISE
971475,L01218,PINEL ISLAND ECO TOUR
972663,L01218,OPEN TOP DOUBLE DECKER TOUR
972664,L01218,HISTORICAL PHILIPSBURG BY TROLLEY TRAIN
993916,004448,OIA VILLAGE
993917,004448,VOLCANO & THERMAL SPRINGS
993918,004448,SCUBA DIVING
983163,004448,THIRA BIKE TOUR
990970,004448,CALDERA BBQ CRUISE (THIRA)
990972,004448,SANTORINI IMPRESSIONS (THIRA)
990974,004448,SANTORINI UNCORKED (THIRA)
990976,004448,HIDDEN SANTORINI - MEGALOCHORI & PYRGOS VILLAGE
990978,004448,SNORKELLING
970605,004448,PANORAMIC SANTORINI
970606,004448,SANTORINI BEACH BREAK
974613,004448,SUN SAND AND SANTORINI
994755,004668,TULUM MAYAN RUINS & BEACH
994756,004668,COZUMEL HIGHLIGHTS
994757,004668,CHANKANAAB MARINE PARK & DISCOVER MEXICO
994758,004668,SPEED BOAT BEACH ESCAPE
994759,004668,ATV & BEACH ADVENTURE
994760,004668,XEL-HA NATURAL WONDERS
994761,004668,XCARET ECO PARK
994762,004668,COZUMEL CULTURAL EXPERIENCE
994828,004668,DOLPHIN FAMILY ADVENTURE ALL INCLUSIVE
995317,004668,DOLPHIN SWIM & RIDE ALL INCLUSIVE
987310,004668,COZUMEL BIKE TOUR
987610,004668,CHICHEN ITZA MAYAN RUINS
987611,004668,TULUM & XEL-HA
987612,004668,CLEAR KAYAK ADVENTURE
987613,004668,SCOOT COUPE
987614,004668,3 REEF SNORKEL BY BOAT
970080,004668,DOLPHIN OBSERVER ALL INCLUSIVE
973090,004668,SEGWAY AND BEACH
971156,004668,MINI SPEED BOAT SNORKEL & BEACH EXPERIENCE
993723,005186,THE LEANING TOWER OF PISA
993724,005186,FLORENCE & PISA
993725,005186,FLORENCE ON YOUR OWN
993726,005186,PUCCINI LAKE & PISA
993727,005186,A TASTE OF TUSCANY
993728,005186,CARRARA MARBLE
994449,005186,EASY PISA
990330,005186,THE MEDIEVAL TOWN OF LUCCA
971677,005186,PORTOFINO AND SANTA MARGHERITA ON YOUR OWN
971758,005186,MARINA DI CARRARA BIKE TOUR
981843,005186,DISCOVERY WALKS - FLORENCE
981844,005186,DISCOVERY WALKS - PISA
989664,005741,A STROLL IN SAN REMO
989665,005741,SAN REMO & DOLCEACQUA
989666,005741,SAN REMO & DOLCEACQUA WITH WINE TASTING
989667,005741,MONACO & MONTE CARLO
989731,005741,MONACO EASY GOING
989732,005741,ENCHANTING NICE
970714,005741,SAN REMO BIKE TOUR
970739,005741,DOLCEACQUA & PIGNA
970740,005741,NIZZA MONACO & MONTE CARLO
970741,005741,EZE MONACO & MONTE CARLO
970802,005741,MENTON MONACO & MONTE CARLO
973996,005741,NICE AND EZE
994164,006233,BEACH BREAK & SNORKEL
994165,006233,ST PIERRE & RUM DISTILLERY
994166,006233,ENCHANTING GARDENS
994167,006233,KAYAKING MANGROVES
994168,006233,4X4 DEEP ADVENTURE
994169,006233,BAMBOU FULL DAY
994170,006233,HISTORIC PLANTATION & TROPICAL GARDEN
994171,006233,HIKING IN TROPICAL FOREST
994172,006233,HELICOPTER ESCAPE
973088,006233,SOUTH PANORAMIC AND BEACH
973089,006233,BEACH AND TURTLES
993897,002049,RHUM RUNNER
993898,002049,DISCOVER GRENADA
993899,002049,HIKE TO SEVEN SISTERS
993900,002049,STARWIND SNORKELLING
993901,002049,RIVER TUBING
993902,002049,CLEAR BOTTOM KAYAKING
993976,002049,HIGHLIGHTS OF GRENADA
993977,002049,4X4 ADVENTURE
994525,002049,THE SPICE ISLAND
995851,002049,HIGHLIGHTS OF ST GEORGES
996099,002049,GRENADA BIKE TOUR
982162,002049,POWER BOAT & SNORKEL
971070,002049,ECO TREK TO BAMBOO FALL
995403,002695,CARCASSONNE
995404,002695,MONTPELLIER
995405,002695,NIMES & PONT DE GARD
995406,002695,SCENIC SETE & THE THAU LAGOON
995407,002695,AIGUES MORTES
995408,002695,MEDIEVAL PEZENAS
970253,002695,SETE BIKE TOUR
993821,000931,LINDOS & ACROPOLIS
993822,000931,RHODES
993823,000931,FILERIMOS & CITY TOUR
993824,000931,FALIRAKI BEACH
993825,000931,UNDERWATER SAFARI
993968,000931,LINDOS TRANSFER BY BOAT
993969,000931,TSAMBIKA BEACH
995641,000931,RHODES WALKING TOUR
995642,000931,DISCOVER RHODES
970083,000931,EXPLORE RHODES
970084,000931,LINDOS TRANSFER BY BUS
996315,000931,RHODES BIKE TOUR
981870,000931,DISCOVERY WALKS - RHODES
994816,L15621,ANIMAL SCUBA ENCOUNTER
994817,L15621,SUNKEN TUGBOAT & SNORKEL TRIP BY BOAT
994818,L15621,DOLPHIN SWIM
994819,L15621,WILLEMSTAD TROLLEY TRAIN TOUR
994820,L15621,OSTRICH FARM & SIGHTSEEING
994821,L15621,ANIMAL ENCOUNTER SNORKEL
994822,L15621,SEA AQUARIUM OBSERVERS ADMISSION
994823,L15621,JET SKI COASTAL ADVENTURE
994824,L15621,KAYAK & SNORKELLING
994825,L15621,DISCOVER CURACAO ISLAND TOUR
994826,L15621,BEACH BREAK BY BOAT
994827,L15621,DOLPHIN ENCOUNTER
994834,L15621,DOLPHIN OBSERVER
996101,L15621,CURACAO BIKE TOUR
987707,L15621,CURACAO COUNTRY DRIVE
971474,L15621,CURACAO SPEED BOAT ADVENTURE
982147,L15621,SEA & SEE ISLAND TOUR
974656,L15621,CURACAO SEAWORLD EXPLORER
994797,L15647,ROATAN WEST ISLAND TOUR
994798,L15647,WEST ISLAND TOUR & SEMISUBMARINE
994799,L15647,WEST BAY KAYAK & SNORKEL ADVENTURE
994800,L15647,DOLPHIN BEACH ENCOUNTER AT ANTHONY KEY RESORT
994801,L15647,BEACH & SNORKELLING
994802,L15647,WEST ISLAND TOUR & ZIPLINE ADVENTURE
994803,L15647,DOLPHIN SCUBA DIVE ADVENTURE
994804,L15647,MAYA ISLAND KEY PRIVATE RETREAT
994805,L15647,DISCOVER SCUBA DIVING AT ROATAN
994806,L15647,CERTIFIED DIVE IN ROATAN REEF
989947,L15647,CATAMARAN CRUISE & SNORKEL
970800,L15647,DOLPHIN SNORKEL ADVENTURE
970824,L15647,ROATAN BIKE TOUR
994811,L15649,SANTA MARTA CITY TOUR
994812,L15649,TAYRONA PARK ADVENTURE
994813,L15649,TASTE OF TAYRONA PARK
994814,L15649,QUEBRADA VALENCIA ECOLOGICAL EXPERIENCE
994815,L15649,IROTAMA BEACH RESORT DAY PASS
995860,L15649,A PANORAMIC TASTE OF SANTA MARTA
995861,L15649,HISTORY & HERITAGE - CITY & WALKING TOUR
995862,L15649,TAYRONA NATIONAL PARK & BEACH
995863,L15649,VAMOS A LA PLAYA! COLOMBIAN BEACH DAY
995864,L15649,COLONIAL BANANA PLANTATION & DANCE SHOW
970851,L15649,THE HISTORY GOLD AND COLOUR OF SANTA MARTA
970852,L15649,A TASTE OF SANTA MARTA
970854,L15649,THE WILD BEAUTY OF TAYRONA NATIONAL PARK
970855,L15649,COLUMBIAN COUNTRYSIDE AND INDIGENOUS CULTURE
970856,L15649,VICTORIAN COLUMBIAN COFFEE HACIENDA - PRIVATE TOUR
970857,L15649,SANTA MARTA BEACH DAY
970858,L15649,SALSA MARTA!
970859,L15649,COFFEE CUPPING TASTY BITES AND FOLK DANCING
970860,L15649,SNORKEL SANTA MARTA
994746,L15650,BACALAR HIGHLIGHTS & 7 COLOURS LAGOON
994747,L15650,KOHUNLICH & DZIBANCHE MAYAN RUINS COMBO
994748,L15650,BEACH POWER SNORKEL
994749,L15650,ATV JUNGLE & BEACH ADVENTURE
994750,L15650,SNUBA ADVENTURE
994751,L15650,COSTA MAYA - OFF ROAD ADVENTURE
994752,L15650,BEACH SNORKEL
994753,L15650,BIOMAYA CANOPY ADVENTURE
994754,L15650,UCHBEN KAH ECO PARK
989966,L15650,CLEAR BOTTOM KAYAK & BEACH BREAK
989967,L15650,SEGWAY ADVENTURE & BEACH BREAK
989968,L15650,JAGUAR TRUCK MAYAN ADVENTURE EXPEDITION
994773,L15663,BEQUIA BY CATAMARAN
994774,L15663,ST VINCENT ISLAND HIGHLIGHTS
994775,L15663,GARDENS OF ST VINCENT
994776,L15663,CARIBBEAN PIRATES SAILAWAY
994777,L15663,DOLPHIN WATCH
994778,L15663,KAYAK & SNORKEL ADVENTURE
994779,L15663,VERMONT VALLEY PARROT NATURE TRAIL
994780,L15663,SOUFRIERE VOLCANO HIKE
994781,L15663,AQUA TERRA - WATERFALL & COASTAL TOUR
995294,L15663,WATERFALLS & COAST
995829,L15663,DARK VIEW FALLS
996098,L15663,ST VINCENT BIKE TOUR
987606,L15663,AQUA TERRA
982141,L15663,MUSTIQUE MAGIC
993700,002112,TAROUDANT
993701,002112,SOUK & FANTASIA
993702,002112,KASBAT SOUSS & SOUK SHOPPING
993703,002112,MASSA 4X4
993704,002112,MAGICAL MARRAKECH
993705,002112,AGADIR HORSE & CARRIAGE
993706,002112,BEACH TOUR
993707,002112,AGADIR ORIENTATION
993991,002112,MOROCCAN HIGHLIGHTS - DNU 993991
993992,002112,AGADIR HORSE AND CARRIAGE - DNU 993992
993993,002112,SHIPS OF THE DESERT - DNU 993993
994361,002112,BERBER CITADEL
994362,002112,TREKKING IN IMMOUZZER NATIONAL PARK
994363,002112,DUNES & RAMPARTS
996092,002112,AGADIR BIKE TOUR
993018,002112,AGADIR HORSE AND CARRIAGE - DNU 993018
989143,002112,AGADIR GOLF PACKAGE
993437,002112,MOROCCAN HIGHLIGHTS - DNU 993437
993438,002112,SHIPS OF THE DESERT - DNU 993438
995865,L21485,PANAMA CANAL TOUR
995866,L21485,GATUN LOCKS & FORMER CANAL ZONE
995867,L21485,TWO OCEANS BY RAILROAD
995868,L21485,PANAMA CITY TOUR
995869,L21485,EMBERA INDIAN VILLAGE
995870,L21485,AERIAL TRAM & ECOLOGICAL ENCOUNTER
995871,L21485,KAYAKING AT THE PANAMA CANAL
989928,L21485,GATUN LAKE KAYAK & ECO ADVENTURE
989929,L21485,ECO CRUISE ON GATUN LAKE & NEW LOCKS
989930,L21485,PANAMA CANAL RAILWAY & LOCKS BY DOME CARRIAGE
989931,L21485,PANAMA CANAL RAILWAY & LOCKS BY STANDARD TRAIN
970827,L21485,COLON BIKE TOUR
974511,L21485,VISIT THE PANAMA CANAL
974537,L21485,PANORAMIC PANAMA CANAL
974538,L21485,OLD AND NEW PANAMA
995872,L21487,VERAGUA RAINFOREST EXPERIENCE
995873,L21487,ADVENTURE CANAL & VERAGUA RAINFOREST EXPERIENCE
995874,L21487,COSTA RICAN AMAZONS RIVER TOUR
995875,L21487,RAINFOREST AERIAL TRAM & ECO WALK
995876,L21487,SLOTH SANCTUARY & CANOE ADVENTURE
995877,L21487,COSTA FLORES TROPICAL GARDENS
995878,L21487,PINEAPPLE PLANTATION EXPERIENCE
995879,L21487,CANOPY TOUR ZIPLINE ADVENTURE
995880,L21487,CANOPY TOUR ZIPLINE ADVENTURE & TORTUGUERO CANAL
995881,L21487,TROPICAL CATTLE RANCH RAINFOREST HORSEBACK RIDING
999057,L21487,RAINFOREST JITNEY RIDE & BANANA PLANTATION
999058,L21487,BEACH BREAK & PUERTO VIEJO SHOPPING SPREE
989970,L21487,SLOTH SANCTUARY & BANANA PLANTATION
972668,L21487,CARIBBEAN CACAO EXPERIENCE
972669,L21487,TORTUGUERO CANALS
973056,L21487,VERAGUA RAINFOREST & CANOPY ADVENTURE
970826,L21487,PUERTO LIMON BIKE TOUR
971112,L21487,RESCUE CENTRE & BOAT RIDE
971113,L21487,RESCUE CENTRE & BANANA PLANTATION
971114,L21487,CARIBBEAN EXPERIENCE
974489,L21487,COSTA RICA BY RAIL AND CANAL
974490,L21487,RAINFOREST BY MONSTER BUS
995852,L21521,HISTORIC CARTAGENA - OLD CITY WALKING TOUR
995853,L21521,CARTAGENA PANORAMIC SIGHTSEEING
995854,L21521,COLONIAL ARCHITECTURE & MUSEUMS
995855,L21521,CARTAGENA BY HORSE & CARRIAGE
995856,L21521,MANGROVE & SWAMP ECO TOUR
995857,L21521,BAY CRUISE BY GALLEON
995858,L21521,ROSARIO ISLAND TOUR
995859,L21521,COUNTRYSIDE & MUD VOLCANO
989978,L21521,SCENES OF CARTAGENA
989979,L21521,CHIVA PARTY BUS
972660,L21521,ISLETA RESORT ISLAND DAY PASS
972661,L21521,NATIONAL COLUMBIAN AVIARY
970825,L21521,CARTAGENA BIKE TOUR
974539,L21521,HISTORIC CARTAGENA
994782,000534,OCHO RIOS & DUNNS RIVER FALLS
994783,000534,RAFTING ON THE MARTHA BRAE
994784,000534,CATAMARAN SAIL & SNORKEL & DRS CAVE BEACH
994785,000534,THE GREAT HOUSES OF MONTEGO BAY
994786,000534,BLACK RIVER SAFARI CROCODILE MUSEUM & NURSERY
994787,000534,THE RIVERWALK AT MAYFIELDS
994788,000534,GREAT RIVER KAYAK ADVENTURE
994789,000534,HORSEBACK RIDE & SWIM AT BRACO ESTATE
994790,000534,JAMAICA BOBSLED DUNNS RIVER & ZIPLINE ADVENTURE
994871,000534,NOEL COWARDS FIREFLY & DUNNS RIVER FALLS
994872,000534,TRANOPY ADVENTURE
987728,000534,MONTEGO BAY BIKE TOUR
988031,000534,DUNNS RIVER FALLS EXPRESS
988032,000534,BOBSLED JAMAICA & DUNNS RIVER FALLS
988034,000534,MONTEGO BAY HIGHLIGHTS & ROSE HALL GREAT HOUSE
989971,000534,HOP ON HOP OFF SHUTTLE SERVICE - BEACH & SHOPPING
971807,000534,CHUKKA HORSEBACK RIDE AND SWIM
971808,000534,CHUKKA JUNGLE RIVER TUBING
971809,000534,CHUKKA ZIPLINE CANOPY & TUBING COMBO
971157,000534,HIGH TEA AT GOOD HOPE ESTATE
971158,000534,CHUKKA ZIPLINE CANOPY ADVENTURE
995941,L23103,LOCH NESS & URQUHART CASTLE RUINS
996071,L23103,DUNROBIN CASTLE GARDENS & FALCONRY DISPLAY
996072,L23103,GLENMORANGIE DISTILLERY & DORNOCH
996073,L23103,SEALIFE ECOVENTURE IN R.I.B.
996074,L23103,CAWDOR CASTLE & CULLODEN MOOR
996075,L23103,SCENIC MOORLAND DRIVE SHIN FALLS & DORNOCH
996076,L23103,PHOTOGRAPHY EXPEDITION IN THE SCOTTISH HIGHLANDS
996077,L23103,AFTERNOON TEA WITH A CLAN CHIEF
996268,L23103,INVERGORDON BIKE TOUR
987737,L24561,PANORAMIC FUERTEVENTURA
996332,L24561,HEART OF FUERTEVENTURA
996333,L24561,4X4 ADVENTURE
996334,L24561,CORRALEJO TRANSFER
996335,L24561,ALOE VERA FARM WORKSHOP
996336,L24561,WALKING TOUR
996337,L24561,TRIKES WITH COOL RUNNINGS
996338,L24561,SCUBA DIVE
982131,L24561,FUERTEVENTURA BIKE TOUR
982142,L24561,CATAMARAN CRUISE
987267,CMS105,CRUISING THROUGH THE SUEZ CANAL
986285,L26343,KRISTIANSUND BIKE TOUR
986286,L26343,THE ATLANTIC OCEAN ROAD & STAVE CHURCH
986287,L26343,HIGHLIGHTS OF KRISTIANSUND
989167,L26343,THE SUND BOAT
989168,L26343,KRISTIANSUND TOWN WALK
989169,L26343,ATLANTIC ROAD AND BERGTATT
987286,L27684,HORTA BIKE TOUR
988013,L27684,ISLAND SCENIC DRIVE
988014,L27684,WHALERS & SAILORS
988015,L27684,SCENIC DRIVE & VOLCANO INTERPRETATIVE CENTRE
988016,L27684,FAIAL 4X4
988017,L27684,SWIMMING WITH DOLPHINS
987313,L27685,PONTA DELGADA BIKE TOUR
988001,L27685,FURNAS & COZIDO DAS CALDEIRAS
988002,L27685,SIGHTS & SOUNDS OF SAO MIGUEL
988003,L27685,THE CULTURE & FLAVOUR OF THE AZORES
988004,L27685,SETE CIDADES & WINE TASTING
988005,L27685,CRATER LAKE SCENIC DRIVE
988006,L27685,4X4 TOUR OF THE WESTERN EDGE
988007,L27685,WHALE & DOLPHIN WATCHING BY R.I.B.
988009,L27685,CANYONING
987289,L27691,BONAIRE BIKE TOUR
987332,L27691,BONAIRE HIGHLIGHTS & CULTURE EXPLORER
987333,L27691,CATAMARAN SAILING ON THE MUSHI MUSHI
987334,L27691,CLEAR BOTTOM KAYAK & SNORKEL
987335,L27691,BONAIRE 4X4
987336,L27691,CITY TOUR FUN BY ECO POWERED TUK-TUK
987337,L27691,PALM BEACH REEF SNORKEL
987338,L27691,CACTUS - CULTURE & CUISINE NICHE TOUR
987339,L27691,PRIVATE MINIVAN - ISLAND TOUR
987340,L27691,MANGROVE ECO CRUISE BY RIB AT LAC BAY
987341,L27691,BONAIRE MARINE PARK SCUBA DIVE
987342,L27691,BONAIRE DISCOVER SCUBA DIVE
987343,L27691,BUTTERFLY ECO GARDEN & TASTE OF BONAIRE
987344,L27691,NATURE WALKING TRAIL
987345,L27691,SPORTS FISHING CHARTER
987573,L27691,WATER TRANSFER TO KLEIN BONAIRE
987593,L27691,HIGHLIGHTS & CULTURE EXPLORER - WHEELCHAIR OPTION
989975,L27691,TRY SCUBA DIVING
989976,L27691,QUALIFIED SCUBA DIVE BY BOAT
989977,L27691,TWO TANK QUALIFIED SCUBA DIVE FROM SHORE
971473,L27691,BONAIRE MARINE PARK GLASS BOTTOM BOAT TOUR
972476,L27691,SEMI SUB AQUASPACE
972477,L27691,ARAWAK OFF ROAD SAFARI
972478,L27691,EAST COAST ATV EXPERIENCE
972479,L27691,SAILING CRUISE AND SNORKEL
972480,L27691,CHILL OUT AT COCO BEACH
974643,L27691,BONAIRE BY TROLLEY TRAIN
994445,000465,BEST OF DUBROVNIK
995636,000465,CROATIAN BEAUTY - KONAVLE VALLEY VINEYARDS
996127,000465,DUBROVNIK BIKE TOUR
982606,000465,MINI TRAIN IN KONAVLE VALLEY
982607,000465,PANORAMIC KONAVLE
982608,000465,OLD CUSTOMS OF DUBROVNIK
990551,000465,MEDIEVAL DUBROVNIK ON FOOT
991012,000465,FLIGHT PANORAMA
991015,000465,4X4 ADVENTURE
991829,000465,TRSTENO & STON
991852,000465,DUBROVNIK & LOPUD ISLAND
991858,000465,MEDIEVAL DUBROVNIK
991865,000465,CITY WALLS KAYAKING
991868,000465,ELAPHITE ISLANDS WITH MUSIC
970081,000465,SUNSET CRUISE
970082,000465,DUBROVNIK CITY WALK & CABLE CAR
971692,000465,KINGS LANDING GAME OF THRONES LOCATION TOUR
971693,000465,CABLE CAR AT NIGHT
971694,000465,ADRIATIC PEARL AND KINGS LANDING
981873,000465,DISCOVERY WALKS - DUBROVNIK
996228,L29482,SPARKLING AMSTERDAM
996263,L29482,AMSTERDAM BIKE TOUR
986254,L29482,AMSTERDAM ON YOUR OWN
986364,L29482,AMSTERDAM & CANAL CRUISE
986365,L29482,VAN GOGH & AMSTERDAM
986366,L29482,WINDMILLS CLOGGS & CHEESE!
986370,L29482,THE ANNE FRANKS HOUSE & CITY TOUR
986371,L29482,IJMUIDEN TAXI TRANSFER 4HRS
986372,L29482,IJMUIDEN TAXI TRANSFER 8HRS
989028,L29646,FREDRIKSTAD BIKE TOUR
989081,L29646,FREDRIKSTAD ON FOOT
989082,L29646,THE HVALER ISLANDS
989083,L29646,THE ANCIENT ROUTE & THE FORTIFIED TOWN
989309,L29646,OSLO CITY TOUR
989026,002834,LEKNES BIKE TOUR
989245,002834,TREASURES OF LOFOTEN
989246,002834,LEISURELY LOFOTEN
989330,002834,LOFOTR VIKING CENTRE
989331,002834,HIKING TJORNDALEN
986265,CMS004,LA ROCHELLE & COGNAC
986337,CMS004,LA ROCHELLE BIKE TOUR
986339,CMS004,LA ROCHELLE & THE ISLAND OF RE
982156,CMS004,DISCOVER THE GREEN VENICE
982157,CMS004,THE ISLAND OF RE
982158,CMS004,SAINTES & THE SLEEPING BEAUTYS CASTLE
982159,CMS004,SAINTES & COGNAC
989346,004263,BEQUIA COASTAL CRUISE
989347,004263,MUSTIQUE MAGIC
989348,004263,BEQUIA BOAT ADVENTURE
989349,004263,BEQUIA HIGHLIGHTS
989350,004263,BEQUIA SAILING TOUR
989351,004263,BEQUIA CATAMARAN TOUR
989352,004263,BEQUIA SCENIC TOUR
989353,004263,PICTURE PERFECT BEQUIA
989354,004263,SCENES OF BEQUIA WITH BEACH
971166,004263,BEQUIA BIKE TOUR
971207,004263,CARIBBEAN PIRATES SAILAWAY
989959,004404,AIRBOAT ADVENTURE TOUR
989960,004404,LAMANAI TEMPLES & RIVER CRUISE
989961,004404,CRYSTAL CAVE TUBING EXPLORATION & ZIP LINE
989962,004404,BELIZE CAVE TUBING
989963,004404,HOWLER MONKEY SANCTUARY TOUR
989964,004404,ALTUN HA & CITY HIGHLIGHTS
972488,004404,BELIZE WILDLIFE RIVER TOUR
972489,004404,MAYAN PALACE AND MARIMBA MUSIC
972490,004404,OLDE BELIZE EXHIBIT AND KUKUMBA BEACH TOUR
971066,004404,BELIZE RUM TASTING & CULTURAL SHOW
996340,L24601,SCENIC LA GOMERA
996341,L24601,LA GOMERA ISLAND HIGHLIGHTS
996342,L24601,IN THE FOOTSTEPS OF COLUMBUS
996343,L24601,MYSTERY & NATURE
996344,L24601,GRAN REY VALLEY
996345,L24601,EL CEDRO FOREST HIKE
982132,L24601,LA GOMERA BIKE TOUR
983138,L25263,LERWICK BIKE TOUR
986293,L25263,SCENERY OF WESTERN SHETLAND
986294,L25263,NORTH SHETLAND PANORAMA
986295,L25263,JARLSHOF & SCENIC MAINLAND DRIVE
986296,L25263,MOUSA ISLAND DISCOVERY
986297,L25263,LERWICK WALKING TOUR & FORT CHARLOTTE
986298,L25263,LERWICK BY BIKE
986288,L25266,NIGARDSBREEN GLACIER
986289,L25266,JOTUNHEIMEN NATIONAL PARK
986290,L25266,SOGNEFJELL MOUNTAIN SCENERY
986291,L25266,URNES STAVE CHURCH - WORLD HERITAGE SITE
986292,L25266,SKJOLDEN BIKE TOUR
988985,L29645,INTRODUCTION TO HAUGESUND & SURROUNDINGS
988986,L29645,ARQUEBUS DEFENCE MUSEUM
988987,L29645,ST OLAVS CHURCH & VIKING VILLAGES
988988,L29645,ST OLAVS CHURCH & COPPER MINE
988989,L29645,SCENIC SKUDENESHAVEN
988990,L29645,WALKING TOUR TO RYVARDEN LIGHTHOUSE
989027,L29645,HAUGESUND BIKE TOUR
973200,CMS003,DISCOVER LOCRONAN
973201,CMS003,MORLAIX & CHATEAU DE KERJEAN
973202,CMS003,PANORAMIC BREST & MYTHICAL COAST
973203,CMS003,GARDENS OF DAOULAS ABBEY & PLOUGASTEL CALVARY
973204,CMS003,CHARMING QUIMPER
970634,L34781,SCENIC ELBA
970635,L34781,PANORAMIC ELBA & WINE TASTING
970636,L34781,NAPOLEON RESIDENCE & PORTO AZZURRO VILLAGE
970637,L34781,ELBA WITH CABLE CAR
970638,L34781,BEACH TRANSFER
970713,L34781,ELBA BIKE TOUR
970254,002845,TARRAGONA BIKE TOUR
970662,002845,SPORTING BARCELONA
970663,002845,BARCELONA TRANSFER
970664,002845,PORTAVENTURA
970665,002845,HIGHLIGHTS OF TARRAGONA
970666,002845,POBLET MONASTERY & MONTBLANC
970667,002845,TORRES CELLARS WINE TASTING
970668,002845,ALTAFULLA BEACH TRANSFER
970669,002845,REUS & CAMBRILS
970654,L38041,ISLAND DRIVE
970655,L38041,WALKING TOUR OF MINDELO
970656,L38041,MINDELO CITY & CULTURAL CENTRE
970657,L38041,CALHAU CRUZ DE EVOR & ISLAND DRIVE
970658,L38041,SAO VICENTE LANDSCAPES & CULTURE
970607,L38042,KAYAKING AT GUAYMORETO LAGOON
970608,L38042,HISTORICAL TRUJILLO
970609,L38042,HORSEBACK RIDING AT THE BEACH
970610,L38042,STARFISH SNORKEL & BEACH FUN
970611,L38042,RIO GRANDE WATERFALLS & SWIMMING
971169,L38042,ATV JUNGLE ADVENTURE
971170,L38042,A TASTE OF TRUJILLO
971171,L38042,BEST OF TRUJILLO
971172,L38042,CAMPO DEL MAR BEACH BREAK
971173,L38042,CAMPO DEL MAR NATURE PARK & BEACH BREAK
971174,L38042,CAMPO DEL MAR NATURE PARK WALKING TOUR
971175,L38042,RAINFOREST CASCADES DISCOVERY
971176,L38042,CATAMARAN SNORKEL & BEACH BREAK
971177,L38042,FARM TO TABLE
971178,L38042,TRUJILLO BY LAND & SEA
970550,L38049,BERMUDA BIKE TOUR
970551,L38049,BERMUDA HIGHLIGHTS AQUARIUM & CRYSTAL CAVES
970552,L38049,BERMUDA ISLAND DRIVE
970553,L38049,BERMUDA SCUBA 2-TANK DIVE
970554,L38049,DISCOVER SCUBA LESSON & BOAT DIVE
970555,L38049,FAMOUS HOMES & HIDEAWAYS CRUISE
970556,L38049,GLASS BOTTOM BOAT - SEA GARDENS & SHIPWRECK
970557,L38049,HAMILTON BIKE TOUR
970558,L38049,SCENIC SOUTH SHORE HIGHLIGHTS
970559,L38049,UNDERSEA NIGHTLIFE EVENING GLASS BOTTOM CRUISE
970560,L38049,WILD WEST KAYAK ADVENTURE
971068,L38049,RAILWAY TRAIL BIKE & BEACH TOUR
971069,L38049,DOCKYARD TROLLEY TRAIN TOUR
971675,L39802,ANO SYROS & SCENIC DRIVE
971676,L39802,SYROS HIGHLIGHTS
971761,L39802,SYROS BIKE TOUR
993894,002636,SALONA & TROGIR
993895,002636,WALKING SPLIT
993896,002636,KRKA WATERFALLS
994380,002636,CROATIAN FLAVOURS
995434,002636,ISLAND OF BRAC
996126,002636,SPLIT BIKE TOUR
989103,002636,PANORAMIC SPLIT
989104,002636,GLASS OF WINE WITH THE PRIEST
971746,002636,DRAGONS DUNGEON
970525,002636,BEST OF SPLIT & ITS COUNTRYSIDE
970526,002636,DALMATIAN COAST & INLAND
970527,002636,KLIS FORTRESS & VRANJACA CAVE
970528,002636,MOUNTAIN VILLAGE EXPERIENCE
970529,002636,TASTE OF SPLIT
971524,L42265,ABU DHABI CITY TOUR
971525,L42265,INSIGHT INTO FALCONS
971526,L42265,HIGH TEA AT EMIRATES PALACE
971527,L42265,AL AIN TOUR
971528,L42265,DUNE DRIVE
971529,L42265,FERRARI WORLD THEME PARK
972255,L42265,PANORAMIC CITY TOUR
972256,L42265,PANORAMIC TOUR WITH DHOW CRUISE
972257,L42265,MANGROVE KAYAKING
972258,L42265,SPEEDBOAT TOUR OF ABU DHABI
972259,L42265,RELAX ON THE BEACH
972260,L42265,FORMULA 1 CIRCUIT TOUR - YAS MARINA
971510,L42266,CLASSICAL DUBAI
971511,L42266,CULTURE TOUR - SHARJAH
971512,L42266,HEIGHTS & SIGHTS OF DUBAI
971513,L42266,A TASTE OF MODERN DUBAI
971514,L42266,BURJ AL ARAB AND BURJ KHALIFA - SKYSCRAPER CITY
971515,L42266,DHOW CRUISE DINNER
971516,L42266,DUNE DINNER SAFARI
972261,L42266,DUBAI DHOW CRUISE
972262,L42266,SEAPLANE TOUR
972263,L42266,DUNE DRIVE
972264,L42266,AFTERNOON TEA - BURJ AL ARAB
972265,L42266,DUBAI BY NIGHT
971585,002111,MYSTICAL MUSCAT
971586,002111,FASCINATING OMAN
971587,002111,SOUKS IN OMAN
971588,002111,DOLPHIN WATCHING
971589,002111,SOUK & DHOW
971590,002111,HIGH TEA AT AL BUSTAN PALACE
971592,002111,MUSCAT 4X4 JOURNEY
971593,002111,WAHIBA SANDS
972251,002111,BEACH TOUR
972252,002111,CATAMARAN TOUR
972253,002111,SPLENDOUR OF MUSCAT
972254,002111,PANORAMIC MUSCAT
971597,L42262,SCENES OF KHASAB
971598,L42262,NORWAY OF ARABIA DHOW CRUISE
971599,L42262,MOUNTAIN SAFARI TO JEBEL HARIM
972250,L42262,SNORKELLING TOUR
973454,L44064,PANORAMIC NORTHERN GERMANY
973455,L44064,BEAUTIFUL BREMEN
973456,L44064,BREMEN AND BECKS
973457,L44064,HAMBURGS TOP 10
973310,L44068,ONE DAY IN SIENA
973311,L44068,SIENA & CHARMING SAN GIMIGNANO
973312,L44068,MAGIC & MYSTERIOUS
973313,L44068,LEANING TOWER OF PISA
973314,L44068,EASY PISA
973315,L44068,INSIDE THE TOWER
973316,L44068,PISA ON YOUR OWN
973317,L44068,BOLGHERI & TASTING
973318,L44068,STEP BACK INTO THE PAST
973319,L44068,SAN GIMIGNANO AND FARMHOUSE
973320,L44068,BEACH TRANSFER AT SAN VINCENZO
973321,L44068,PANORAMIC ARGENTARIO AND PORTO ERCOLE
973322,L44068,TARQUINIA AND THE GLORY OF THE ETRUSCANS
973323,L44068,PETRA A WINE LOVERS PARADISE
974641,L44068,SAN GIMIGNANO ON YOUR OWN
973324,L44069,LANDMARKS OF TARANTO
973325,L44069,TRULLI OF ALBEROBELLO
973326,L44069,HISTORIC MARTINA FRANCA
973327,L44069,ANCIENT CAVES OF MASSAFRA
973328,L44069,LIDO GANDOLI - PUGLIAS TUCKED AWAY TREASURE
973330,L44069,THE OLD TOWN OF OSTUNI
973728,L44071,VIKINGS AND CANNONS
973729,L44071,A VIKING HISTORY
973730,L44071,HEMMESTAD WHARF
973731,L44071,SAMI EXPERIENCE
994287,001181,SNUBA ADVENTURE & PIGEON ISLAND
994293,001181,LATILLE WATERFALL & HIKE
994300,001181,SNUBA ADVENTURE AND PIGEON ISLAND
995826,001181,SMUGGLERS COVE
995827,001181,SCENES OF ST LUCIA
999037,001181,ST LUCIA BIKE TOUR
996165,001181,TIME AT THE BEACH!
987705,001181,SEA TREK HELMET DIVING
990484,001181,TREETOP CANOPY ADVENTURE
991828,001181,WATERFALL & BIKE TOUR
991866,001181,PANORAMIC ST LUCIA
991878,001181,PITONS CRUISE
991892,001181,ERRAND ESTATE NATURE
991893,001181,TIME AT THE BEACH
991902,001181,CARIBBEAN PIRATES ADVENTURE
988056,001181,ART LOVERS LUCIAN EXPERIENCE
988058,001181,HORSE RIDING
989105,001181,HORSEBACK TRAIL AND BEACH RIDE
989958,001181,HERITAGE HIGHLIGHTS
971476,001181,JEEP AND BEACH
971477,001181,AERIAL TRAM
996331,001181,AMAZING OUR PLANET - AT YOUR LEISURE
996351,001181,LUCIAN STYLE SEGWAY
970642,001181,LUCIAN PIRATE FUN CRUISE
971244,001181,ULTIMATE LAND & SEA
971245,001181,GO KART THRILL & BEACH
974763,001181,ADMIRE THE PITONS
974764,001181,WHALE AND DOLPHIN WATCHING
974766,001181,SNORKEL AND SWIM AT PIGEON ISLAND
974778,001181,ST LUCIAS WEST COAST AND VOLCANO
974691,L46050,CASA BACARDI DISTILLERY TOUR
974692,L46050,SAN JUAN CITY TOUR
974693,L46050,EL YUNQUE RAINFOREST DRIVE
974694,L46050,EL YUNQUE RAINFOREST TOUR
974695,L46050,PLAZA LAS AMERICAS SHOPPING TRANSFER
974696,L46050,OLD SAN JUAN WALKING TOUR
974697,L46050,THE FORTRESS TOUR
974714,L46052,CEVICHE CLASS AND RIVER TOUR
974715,L46052,GARIFUNA ART AND CULTURE IN LIVINGSTON
974716,L46052,DULCE RIVER BY KAYAK
974717,L46052,PAN-AMERICAN HIGHWAY BY BUS
975116,L46052,QUIRIGUA NATURE PARK TOUR
975117,L46052,SAN FELIPE FORTRESS & RIVER DULCE BY BOAT
975118,L46052,LAS ESCOBAS SPRINGS NATURE TRAIL
975119,L46052,DAY AT A BEACHFRONT HOTEL
975120,L46052,PUERTO BARRIOS AND SANTO TOMAS TOUR
975121,L46052,BOAT TOUR TO THERMAL SPRINGS
975192,L46052,GREEN COVE RAINFOREST HIKE
975193,L46052,VISIT TO QUIRIGUA NATIONAL PARK
975194,L46052,SAN FELIPE FORTRESS & RIVER DULCE TOUR
975195,L46052,QUIRIGUA NATIONAL PARK & SAN FELIPE FORTRESS TOUR
974711,002272,EXPERIENCED DIVER ADVENTURE
974712,002272,DISCOVER SCUBA SNORKELS AND SHIPWRECKS
974713,002272,PRIVATE DIVE TOUR
974993,002272,KON TIKI BOAT PARTY
974994,002272,SHIPWRECKS AND SNORKELS
974995,002272,ST JOHN CHAMPAGNE CATAMARAN
974996,002272,ST THOMAS PANORAMAS
974997,002272,SIGHTS SAND AND SUNLOUNGERS
974998,002272,KAYAK HIKE AND SNORKEL THE MANGROVE LAGOON
974999,002272,SNORKEL TRUNK BAY
975000,002272,HIKE TO HONEYMOON BEACH
975001,002272,ST JOHNS BEST DAYS
975002,002272,EXPLORE ST JOHN SOLO
975003,L48463,THE MIGHTY MEKONG DELTA
975004,L48463,CAN GIO MANGROVE FOREST BY SPEEDBOAT
975005,L48463,SAIGON ON YOUR OWN
975006,L48463,HISTORICAL HO CHI MINH CITY
975007,L48463,HO CHI MINH CITY FROM THE SKY
975008,L48463,HO CHI MINH CITY HIGHLIGHTS
975009,L48463,A TASTE OF VIETNAM
974978,L48467,SIHANOUKVILLE TUK TUK TOUR
974979,L48467,HIGHLIGHTS OF SIHANOUKVILLE BY TUK TUK
974980,L48467,HIGHLIGHTS OF SIHANOUKVILLE BY BUS
974981,L48467,SIHANOUKVILLE GRAND TOUR
974982,L48467,JOURNEY TO KAMPOT VILLAGE
974787,L48483,HISTORIC MALACCA
974788,L48483,MALACCA DUTCH TRAIL
974789,L48483,SCENIC MALACCA BY ROAD AND RIVER
974790,L48483,SHOPPING SHIPS AND SNACKS
974791,L48483,CULTURAL SNAPSHOT
974792,L48483,OLD AND NEW MALACCA
975127,L48486,FLIGHT OF THE GIBBON
975128,L48486,PATTAYA ON YOUR OWN
975129,L48486,ANCIENT CITY EXPLORER
975130,L48486,HIGHLIGHTS OF BANGKOK
975131,L48486,THAI CLASSICAL DANCE SHOW AND NIGHT MARKET
975132,L48486,DAY AT A BEACHFRONT HOTEL
975133,L48486,BANGKOK ON YOUR OWN
975134,L48486,TEMPLES AND THAI CUISINE
975135,L48486,SLEEPLESS BANGKOK AND TUK TUK RIDE
975136,L48486,ANCIENT AYUTTHAYA
974848,L48488,KUALA LUMPUR HIGHLIGHTS
974849,L48488,PETRONAS TOWERS AND TEMPLES
974850,L48488,LANDMARKS OF KUALA LUMPUR
974851,L48488,OLD AND NEW MALAYSIA
974852,L48488,MAH MERI CULTURAL VILLAGE
974853,L48488,BATU CAVES AND CITY SIGHTS
974854,L48488,KUALA LUMPUR ON YOUR OWN
974855,L48488,PETRONAS TOWERS SKYBRIDGE
974856,L48488,GARDENS OF KUALA LUMPUR
974857,L48488,PUTRAJAYA AND LAKE CRUISE
993734,001629,POMPEII
993735,001629,SORRENTO & POMPEII
993736,001629,SORRENTO & AMALFI
993737,001629,NAPOLI EXPRESS - SORRENTO & POMPEII (BY TRAIN)
993738,001629,HERCULANEUM
993739,001629,NAPLES PANORAMIC TOUR
993740,001629,SORRENTO ON YOUR OWN
993741,001629,HIKE UP VESUVIUS
993742,001629,POMPEII & VESUVIUS
993743,001629,CAPRI
993744,001629,AMALFI DRIVE
993928,001629,OLD TIME TRAIN
993929,001629,AMALFI DRIVE SELECT
994372,001629,VESUVIUS MONSTER TRUCK ADVENTURE
994373,001629,POMPEII & VESUVIUS MONSTER TRUCK ADVENTURE
994374,001629,ISCHIA ON YOUR OWN
994375,001629,MAGIC WORLD AQUA PARK
995399,001629,ISLAND OF ISCHIA & LA MORTELLA GARDEN
996112,001629,NAPLES BIKE TOUR
983161,001629,EXPLORE NAPLES & THE BOURBON TUNNEL
988066,001629,POMPEII & HERCULANEUM
988067,001629,POMPEII & AMALFI
981874,001629,DISCOVERY WALKS - SORRENTO
981875,001629,DISCOVERY WALKS - AMALFI
981876,001629,DISCOVERY WALKS - CAPRI
